irradiance,ambient_temperature,module_temperature,humidity,wind_speed,hour,day_of_year,power_output,weather_condition
197.67,10.73,14.99,71.82,2.09,17,60,20.876,sunny
358.25,9.91,20.24,63.59,0.52,8,63,36.954,sunny
198.34,11.16,16.24,68.41,1.09,17,64,18.991,sunny
367.64,10.07,19.41,55.37,2.1,16,69,34.373,sunny
195.47,11.62,14.34,75.22,3.93,17,72,21.05,sunny
643.64,8.22,25.23,61.59,2.88,10,77,63.436,sunny
365.44,10.79,21.3,62.88,0.57,16,78,33.8,sunny
690.81,10.57,30.27,57.83,1.28,11,82,67.352,sunny
532.67,6.56,20.44,58.16,2.62,9,83,53.509,sunny
376.94,8.36,18.88,46.81,0.99,16,83,38.692,sunny
735.09,9.76,30.98,70.55,1.04,13,84,71.299,sunny
716.7,11.11,31.91,70.88,0.88,11,85,67.348,sunny
706.32,11.06,29.6,59.84,3.32,12,85,65.905,sunny
615.36,9.47,27.03,66.64,1.13,10,86,56.837,sunny
696.0,9.98,26.14,62.5,5.9,11,86,65.959,sunny
711.22,7.76,28.36,61.52,0.93,11,87,66.118,sunny
187.31,6.8,11.31,65.33,1.39,7,88,19.306,sunny
187.83,5.47,10.8,74.32,0.39,7,89,20.242,sunny
748.44,8.87,30.59,61.37,0.92,12,89,71.99,sunny
193.22,5.93,8.37,55.84,4.2,17,89,17.862,sunny
684.95,11.92,31.45,54.82,1.28,11,90,63.121,sunny
738.29,11.17,32.05,70.69,1.58,12,90,71.749,sunny
376.3,11.78,21.41,65.53,2.07,16,90,34.729,sunny
673.57,9.97,28.87,67.94,1.64,14,91,63.366,sunny
531.99,11.53,23.04,59.36,5.55,15,91,53.931,sunny
199.75,6.02,8.1,63.69,4.89,17,91,18.675,sunny
211.9,5.08,10.54,72.06,1.12,7,92,21.269,sunny
508.12,8.35,21.98,49.03,2.01,9,92,50.314,sunny
635.39,9.89,27.16,64.84,2.24,10,92,61.828,sunny
504.81,5.32,19.09,65.13,1.71,9,93,54.164,sunny
626.89,11.01,28.85,56.36,1.2,14,93,60.199,sunny
381.81,11.08,22.11,74.77,0.53,16,93,38.37,sunny
386.87,6.73,17.53,68.61,1.0,8,94,40.887,sunny
554.76,9.43,24.0,52.69,2.59,9,94,53.8,sunny
665.23,9.41,28.56,61.59,1.01,10,94,64.393,sunny
741.67,14.14,35.99,52.16,0.5,13,95,70.58,sunny
506.0,19.39,32.47,70.34,2.62,15,95,45.677,sunny
189.0,6.17,8.7,67.6,3.93,7,96,16.052,sunny
515.48,7.45,22.23,69.15,0.86,9,96,50.225,sunny
632.98,10.8,25.07,59.94,5.9,10,96,61.458,sunny
696.67,12.1,32.22,58.05,0.98,13,96,65.163,sunny
699.79,9.63,29.85,71.09,0.97,14,96,66.719,sunny
539.52,13.05,28.42,63.47,1.02,15,96,51.753,sunny
405.34,4.77,15.9,79.13,1.29,8,97,38.185,sunny
518.45,6.47,21.12,74.25,1.13,9,97,51.441,sunny
771.07,10.19,32.59,53.13,0.91,12,97,75.057,sunny
729.14,15.02,36.64,62.49,0.32,13,97,67.936,sunny
189.52,6.9,11.46,59.6,1.41,7,98,22.368,sunny
393.11,2.61,13.39,64.91,1.27,8,98,44.915,sunny
659.36,13.57,30.86,70.23,3.11,14,98,60.719,sunny
507.57,10.59,21.85,61.21,4.96,15,98,48.882,sunny
370.33,10.26,20.73,61.81,0.81,16,98,35.709,sunny
629.54,13.24,31.06,78.97,1.33,10,99,58.717,sunny
738.22,8.97,29.49,70.86,2.04,11,99,70.433,sunny
497.97,9.58,22.84,72.09,2.09,15,99,49.846,sunny
689.39,12.55,32.65,64.96,0.72,12,100,64.939,sunny
189.5,3.96,6.4,67.14,4.06,7,101,18.785,sunny
709.8,7.99,27.03,46.15,2.83,12,101,64.71,sunny
501.81,11.74,25.92,63.41,1.1,15,101,48.439,sunny
365.62,9.31,18.88,64.03,1.75,16,101,35.287,sunny
188.37,10.11,10.91,72.93,6.07,17,101,19.732,sunny
194.9,5.54,8.12,59.56,4.09,7,102,22.863,sunny
357.78,7.65,18.18,68.92,0.26,8,102,35.892,sunny
784.15,13.57,36.06,66.68,1.28,13,102,69.096,sunny
397.15,11.95,21.33,62.11,3.17,16,102,38.039,sunny
190.53,7.03,12.09,73.16,0.81,17,102,18.979,sunny
409.6,5.02,16.39,71.28,1.15,8,103,43.677,sunny
566.39,7.92,23.76,69.63,1.44,9,103,52.615,sunny
653.33,10.97,28.6,59.9,2.46,10,103,60.665,sunny
202.91,3.94,9.24,65.7,0.99,7,104,21.336,sunny
414.64,3.86,15.46,76.88,1.04,8,104,42.523,sunny
608.68,6.76,22.96,65.13,2.57,9,104,59.117,sunny
667.03,12.89,30.47,62.03,3.03,10,104,62.291,sunny
781.29,9.32,32.05,69.62,0.88,11,104,75.505,sunny
789.36,11.52,34.43,56.36,0.97,12,104,75.547,sunny
387.04,10.35,21.1,67.19,1.08,16,104,36.712,sunny
385.39,6.23,14.65,62.61,3.93,8,105,38.911,sunny
645.9,9.34,27.61,65.15,1.38,10,105,60.763,sunny
756.61,10.43,32.08,79.83,1.3,11,105,69.431,sunny
778.87,8.83,31.99,70.07,0.26,12,105,74.128,sunny
737.99,7.91,27.1,54.36,3.69,13,105,69.557,sunny
609.56,11.27,27.29,61.61,2.84,15,105,57.835,sunny
392.71,10.9,21.68,63.22,1.26,16,105,38.256,sunny
389.42,6.54,16.62,63.38,2.01,8,106,36.181,sunny
544.64,6.47,20.42,68.07,2.98,9,106,54.134,sunny
802.76,10.8,33.96,57.16,1.15,11,106,78.306,sunny
742.31,12.2,32.54,61.94,2.41,13,106,68.746,sunny
496.1,11.06,25.5,50.87,0.55,15,106,49.098,sunny
387.14,11.33,21.85,67.04,1.37,16,106,37.644,sunny
190.51,12.63,18.07,67.0,0.33,17,106,20.79,sunny
746.7,9.59,30.16,53.02,2.29,11,107,72.71,sunny
796.85,11.89,33.84,60.08,2.45,12,107,75.638,sunny
563.18,9.29,22.59,70.96,4.49,9,108,53.309,sunny
627.86,10.92,28.32,73.88,1.8,10,108,59.171,sunny
703.92,9.73,29.66,68.55,1.49,11,108,67.778,sunny
759.25,13.54,34.21,63.91,2.63,12,108,71.281,sunny
671.4,13.97,29.28,62.49,6.04,13,108,63.794,sunny
527.28,15.35,29.01,69.18,2.7,15,108,51.051,sunny
207.86,3.04,5.6,64.66,4.59,7,109,22.132,sunny
414.26,6.84,16.82,59.5,3.07,8,109,38.785,sunny
555.71,7.56,20.24,69.3,4.99,9,109,52.204,sunny
735.21,11.65,32.84,75.68,1.09,11,109,69.317,sunny
851.28,11.85,35.84,62.62,1.93,12,109,77.279,sunny
778.41,11.58,33.31,57.68,2.03,13,109,72.766,sunny
523.75,11.83,24.67,74.3,3.58,15,109,51.315,sunny
368.99,11.59,22.43,77.91,0.29,16,109,38.566,sunny
189.7,13.77,16.55,59.03,3.64,17,109,19.17,sunny
209.35,7.26,11.79,70.78,2.18,7,110,23.541,sunny
403.76,9.03,20.39,74.0,0.94,8,110,38.437,sunny
512.81,13.21,27.83,57.33,0.95,9,110,49.141,sunny
647.67,8.7,27.43,52.44,0.88,10,110,65.778,sunny
717.85,13.97,30.7,64.97,6.01,11,110,66.586,sunny
764.45,9.56,32.3,65.37,0.24,12,110,69.435,sunny
709.7,14.6,35.27,59.29,0.78,13,110,66.013,sunny
671.35,11.17,30.2,48.92,1.39,14,110,61.838,sunny
610.54,10.87,28.09,71.78,1.38,15,110,58.75,sunny
422.66,11.17,22.84,41.15,1.27,16,110,42.446,sunny
185.73,9.4,12.7,71.24,2.84,17,110,17.269,sunny
190.24,7.52,10.54,55.25,3.36,7,111,18.066,sunny
783.19,11.74,34.0,74.19,1.54,12,111,72.577,sunny
719.54,16.12,36.45,65.59,1.57,13,111,66.235,sunny
660.9,10.65,28.37,68.5,2.63,14,111,65.261,sunny
366.69,13.93,24.23,58.51,0.87,16,111,34.09,sunny
214.77,5.09,10.78,60.26,0.94,7,112,22.443,sunny
451.58,7.34,20.26,64.16,0.78,8,112,42.468,sunny
575.45,8.76,23.49,61.79,3.16,9,112,52.598,sunny
666.02,8.83,28.06,77.1,0.94,10,112,64.566,sunny
823.55,12.77,35.34,71.02,2.68,11,112,74.036,sunny
711.66,14.68,35.57,50.7,0.58,12,112,65.005,sunny
689.93,13.03,32.09,63.63,2.04,14,112,64.565,sunny
569.08,9.56,24.58,55.49,2.57,15,112,56.181,sunny
371.78,8.42,18.47,59.6,1.38,16,112,37.813,sunny
238.89,13.2,18.79,62.33,1.97,17,112,23.983,sunny
182.91,6.85,10.53,54.73,2.26,7,113,19.043,sunny
398.71,7.39,18.85,63.03,0.63,8,113,38.856,sunny
519.38,7.6,21.93,66.77,1.56,9,113,49.024,sunny
759.84,12.99,32.64,66.86,3.93,11,113,71.457,sunny
814.73,11.47,34.96,58.65,1.19,12,113,77.068,sunny
623.45,13.24,30.71,60.21,1.54,14,113,57.313,sunny
542.76,12.33,27.84,65.91,0.96,15,113,48.723,sunny
269.05,10.21,17.75,56.38,0.66,17,113,24.802,sunny
532.88,9.46,23.96,69.92,1.86,9,114,52.587,sunny
742.87,10.2,31.09,68.13,1.75,11,114,70.785,sunny
826.5,10.26,34.73,68.56,0.4,12,114,77.976,sunny
725.54,13.29,32.55,71.4,3.13,14,114,69.561,sunny
545.13,13.48,25.95,73.75,4.85,15,114,54.663,sunny
238.48,10.07,16.78,62.91,0.55,17,114,22.036,sunny
396.31,8.11,18.69,62.78,1.64,8,115,39.297,sunny
771.26,10.58,32.02,68.0,2.12,11,115,69.003,sunny
738.74,13.95,35.6,69.77,0.64,13,115,64.208,sunny
412.59,10.53,22.45,66.36,0.57,16,115,41.451,sunny
216.21,5.52,11.79,69.77,0.26,7,116,22.289,sunny
417.48,10.14,19.1,57.67,4.45,8,116,36.682,sunny
547.71,10.07,26.14,72.85,0.45,9,116,55.135,sunny
666.57,10.04,27.6,64.49,3.06,10,116,64.66,sunny
679.39,12.43,30.46,66.35,2.93,11,116,63.842,sunny
810.4,17.33,39.01,68.3,3.3,13,116,72.147,sunny
712.4,8.86,29.48,65.46,0.93,14,116,69.32,sunny
381.45,11.81,20.77,60.22,3.1,16,116,37.887,sunny
225.1,11.25,17.02,69.9,1.23,17,116,21.862,sunny
205.99,7.6,9.45,73.19,5.42,7,117,21.745,sunny
568.55,12.42,24.65,62.65,6.03,9,117,54.097,sunny
638.42,11.66,30.39,56.72,0.53,10,117,60.936,sunny
812.64,11.07,33.72,47.56,2.16,11,117,72.99,sunny
824.18,10.6,31.25,69.51,5.1,12,117,75.858,sunny
779.7,12.7,35.61,67.88,0.6,13,117,71.771,sunny
671.43,14.13,31.32,46.5,3.69,14,117,62.957,sunny
628.31,12.83,31.39,67.96,0.35,15,117,60.566,sunny
388.27,12.14,23.27,71.08,0.65,16,117,35.606,sunny
221.83,9.59,15.79,43.24,0.57,17,117,21.527,sunny
540.59,9.04,21.79,63.94,4.34,9,118,53.02,sunny
827.91,10.68,32.16,77.36,4.19,11,118,77.281,sunny
684.87,13.09,29.92,51.14,4.65,12,118,64.641,sunny
727.59,11.71,33.1,79.15,0.55,13,118,69.489,sunny
768.87,12.52,31.89,53.52,4.62,14,118,70.696,sunny
582.39,12.05,27.0,63.58,3.15,15,118,58.368,sunny
234.39,12.46,18.24,72.2,1.57,17,118,22.802,sunny
237.5,5.57,11.39,73.19,1.64,7,119,24.447,sunny
414.63,9.15,20.57,59.81,1.28,8,119,40.564,sunny
826.8,10.91,34.24,70.93,1.84,11,119,76.813,sunny
815.01,11.0,33.14,48.19,2.89,12,119,77.316,sunny
683.42,13.13,28.59,68.72,6.3,13,119,66.415,sunny
712.48,14.18,33.85,56.86,2.12,14,119,69.036,sunny
514.19,13.78,29.03,65.68,0.22,15,119,49.548,sunny
407.37,13.71,23.8,50.6,2.67,16,119,39.699,sunny
228.13,10.74,17.06,72.23,0.65,17,119,23.278,sunny
214.99,9.31,14.96,61.23,1.0,7,120,19.815,sunny
359.24,7.46,17.23,61.24,1.26,8,120,32.494,sunny
565.84,10.73,26.57,63.59,1.41,9,120,55.522,sunny
642.3,10.88,27.31,70.44,3.55,10,120,61.734,sunny
691.31,14.52,34.94,60.78,0.41,11,120,67.238,sunny
680.83,12.84,33.19,68.87,0.09,13,120,66.503,sunny
706.58,16.62,35.0,58.47,3.51,14,120,65.244,sunny
617.31,11.4,26.42,58.68,4.38,15,120,56.867,sunny
368.46,13.39,22.16,61.29,2.85,16,120,32.961,sunny
185.83,14.68,17.71,77.99,3.18,17,120,17.667,sunny
200.01,8.36,10.4,66.64,4.95,7,121,19.521,sunny
410.72,7.97,19.19,63.48,1.37,8,121,42.043,sunny
514.49,10.6,23.9,65.27,2.66,9,121,49.863,sunny
709.9,13.19,34.05,48.18,0.55,10,121,67.703,sunny
729.85,11.21,30.59,48.44,3.14,11,121,69.634,sunny
781.27,15.85,37.9,48.3,1.74,12,121,70.678,sunny
795.42,17.43,36.88,73.74,5.52,14,121,73.399,sunny
444.21,11.58,24.4,70.74,0.63,16,121,43.143,sunny
256.94,11.6,17.48,67.55,2.28,17,121,25.848,sunny
203.29,9.07,14.61,78.58,0.69,7,122,22.168,sunny
362.88,7.99,16.71,65.18,2.7,8,122,36.111,sunny
590.0,13.3,29.35,56.19,2.07,9,122,56.681,sunny
760.3,13.8,36.19,79.3,0.52,11,122,65.48,sunny
715.58,11.46,31.38,58.14,1.93,12,122,67.345,sunny
758.75,17.9,39.21,60.56,1.82,13,122,67.051,sunny
522.73,10.07,24.61,66.11,1.43,15,122,51.911,sunny
402.89,11.11,20.49,61.9,3.39,16,122,40.048,sunny
225.08,13.55,19.44,69.95,1.08,17,122,20.943,sunny
218.18,8.33,12.56,68.99,2.9,7,123,21.751,sunny
468.33,7.5,20.93,57.71,0.76,8,123,45.441,sunny
603.13,10.12,23.82,77.66,5.49,9,123,59.563,sunny
711.66,10.93,31.69,61.65,0.74,10,123,67.514,sunny
843.97,11.3,33.63,76.36,3.74,11,123,78.763,sunny
835.78,15.52,36.65,46.14,4.93,12,123,75.607,sunny
782.06,12.85,36.11,60.81,0.25,13,123,70.148,sunny
668.66,15.17,34.42,75.36,1.01,14,123,62.012,sunny
620.61,15.03,33.21,62.1,0.54,15,123,57.632,sunny
382.49,12.55,21.76,44.71,2.83,16,123,36.637,sunny
208.26,9.78,15.12,57.92,1.14,17,123,22.089,sunny
186.22,6.71,10.45,71.16,2.32,7,124,17.52,sunny
391.95,6.01,16.08,69.64,2.11,8,124,39.179,sunny
567.76,7.11,22.32,69.62,2.28,9,124,58.733,sunny
638.36,9.85,27.98,64.25,1.27,10,124,62.222,sunny
825.1,9.44,33.27,55.55,1.16,11,124,74.669,sunny
781.61,14.75,37.1,67.14,1.37,12,124,72.981,sunny
583.02,13.19,29.76,59.31,1.15,15,124,56.312,sunny
361.12,14.7,24.45,55.01,1.35,16,124,34.382,sunny
222.76,13.82,18.46,54.44,2.55,17,124,21.282,sunny
629.55,9.32,26.05,71.69,2.7,10,125,58.262,sunny
734.71,14.64,34.3,55.08,2.97,13,125,68.567,sunny
711.45,18.67,39.24,53.37,0.98,14,125,65.083,sunny
526.35,15.42,28.94,47.6,2.83,15,125,51.394,sunny
482.56,13.64,27.31,58.8,1.01,16,125,46.863,sunny
201.97,10.64,15.18,75.44,1.89,17,125,24.442,sunny
362.35,9.46,16.57,63.78,4.7,8,126,35.419,sunny
592.72,11.49,28.17,65.63,1.38,9,126,56.609,sunny
732.68,11.5,32.86,75.15,0.78,12,126,66.746,sunny
703.82,17.96,37.97,66.06,1.37,13,126,64.208,sunny
733.63,11.67,32.68,68.14,1.25,14,126,69.158,sunny
607.86,16.56,31.45,49.49,4.18,15,126,55.31,sunny
431.9,13.31,24.63,51.18,2.04,16,126,40.365,sunny
192.61,13.53,16.81,56.53,3.13,17,126,17.796,sunny
185.2,7.26,12.18,55.33,0.79,7,127,19.404,sunny
656.36,11.4,29.73,59.66,1.7,9,127,61.471,sunny
776.68,10.94,33.65,67.71,0.74,11,127,73.94,sunny
834.48,12.27,36.25,59.35,1.31,13,127,76.704,sunny
676.88,13.84,32.33,56.98,2.27,14,127,61.899,sunny
548.32,16.22,30.27,65.0,2.99,15,127,51.932,sunny
233.75,10.95,15.37,79.64,3.23,17,127,22.48,sunny
272.57,9.56,17.45,61.13,0.36,7,128,27.8,sunny
390.35,9.08,19.73,72.98,1.33,8,128,40.286,sunny
529.97,10.2,22.36,75.07,4.69,9,128,54.159,sunny
735.17,11.63,31.94,69.13,2.18,11,128,71.654,sunny
802.32,12.08,32.65,60.06,4.37,12,128,74.807,sunny
766.79,11.17,29.44,81.22,5.92,13,128,73.724,sunny
635.16,13.14,30.92,56.23,1.6,14,128,59.936,sunny
580.13,10.61,24.85,61.68,3.96,15,128,57.922,sunny
245.52,11.58,16.71,61.78,2.8,17,128,23.579,sunny
258.63,7.89,14.06,63.46,1.99,7,129,26.303,sunny
370.37,4.94,14.85,61.43,1.5,8,129,35.967,sunny
711.43,13.28,32.05,73.23,3.22,10,129,66.992,sunny
830.94,12.41,34.92,51.79,3.02,11,129,77.792,sunny
735.62,13.62,35.51,63.43,0.23,12,129,69.143,sunny
869.07,15.57,40.77,72.03,1.09,13,129,79.872,sunny
645.21,16.78,34.03,46.24,2.63,14,129,60.638,sunny
536.89,12.79,27.59,59.22,1.63,15,129,51.535,sunny
413.34,15.03,26.9,51.13,0.66,16,129,41.241,sunny
209.42,16.27,19.32,52.37,4.05,17,129,20.913,sunny
426.14,9.41,21.96,60.6,0.29,8,130,41.636,sunny
822.66,12.56,34.33,55.56,3.64,10,130,79.324,sunny
830.94,11.74,33.69,61.19,3.72,11,130,75.36,sunny
726.74,11.57,29.78,73.17,4.49,12,130,69.303,sunny
693.75,16.25,36.66,82.45,0.5,13,130,67.393,sunny
652.15,13.11,31.85,57.08,1.03,15,130,59.742,sunny
443.56,10.97,19.46,74.1,6.02,16,130,45.209,sunny
221.75,13.63,18.56,53.82,2.15,17,130,22.233,sunny
217.1,10.53,13.35,67.63,4.62,7,131,24.466,sunny
386.95,12.73,23.48,64.09,1.08,8,131,37.022,sunny
580.32,7.38,23.83,76.95,1.2,9,131,58.23,sunny
767.13,10.52,32.41,73.07,1.4,12,131,70.358,sunny
731.33,13.67,34.79,65.73,1.03,13,131,64.586,sunny
578.38,16.56,33.53,46.48,0.47,15,131,54.032,sunny
395.71,13.28,22.75,64.03,3.0,16,131,38.07,sunny
411.49,11.0,21.34,64.83,2.51,8,132,43.245,sunny
585.4,9.91,24.34,65.63,3.92,9,132,57.455,sunny
699.74,10.29,28.72,62.34,3.2,10,132,64.85,sunny
801.04,14.14,37.51,66.36,0.83,11,132,74.019,sunny
703.65,15.48,35.21,67.97,1.73,14,132,64.692,sunny
609.9,14.6,32.4,75.92,0.62,15,132,57.043,sunny
421.67,15.03,27.15,53.03,0.67,16,132,39.404,sunny
231.62,18.4,23.34,62.96,2.52,17,132,23.222,sunny
211.45,7.56,12.18,66.35,2.15,7,133,21.458,sunny
422.12,14.11,24.61,62.84,2.71,8,133,37.294,sunny
589.47,11.29,27.8,79.45,1.47,9,133,56.787,sunny
669.14,12.76,30.33,80.04,3.13,10,133,62.408,sunny
669.53,13.84,31.08,59.16,3.56,13,133,64.256,sunny
765.6,15.62,36.63,64.06,2.46,14,133,69.143,sunny
539.25,11.93,25.33,63.6,3.47,15,133,52.524,sunny
480.75,13.91,26.6,72.55,2.16,16,133,49.044,sunny
232.74,17.69,22.04,65.16,3.29,17,133,21.597,sunny
201.34,9.58,13.82,72.31,2.24,7,134,21.697,sunny
360.83,10.32,17.42,68.71,4.66,8,134,34.036,sunny
598.35,13.05,29.98,82.67,1.27,9,134,59.756,sunny
684.19,15.42,34.45,55.93,1.87,10,134,61.901,sunny
742.82,10.21,29.61,51.61,3.6,11,134,72.547,sunny
782.0,14.27,34.59,54.05,3.92,12,134,75.454,sunny
890.24,12.92,37.49,64.86,2.66,13,134,79.664,sunny
772.16,14.75,35.5,72.95,3.03,14,134,69.287,sunny
583.79,12.51,26.94,65.77,3.85,15,134,56.746,sunny
409.58,10.91,21.56,61.14,2.04,16,134,42.472,sunny
238.16,11.09,16.43,76.99,2.26,17,134,24.924,sunny
198.81,5.62,10.52,66.7,1.33,7,135,21.223,sunny
396.43,7.72,15.93,64.74,4.61,8,135,39.627,sunny
771.27,13.17,34.84,57.96,1.84,10,135,71.493,sunny
780.25,13.69,36.5,54.62,0.75,12,135,73.036,sunny
797.89,18.59,40.44,61.32,2.61,13,135,71.506,sunny
788.21,14.02,33.54,63.47,5.16,14,135,73.806,sunny
659.45,16.11,34.19,63.33,2.13,15,135,61.915,sunny
423.53,16.41,25.74,67.09,4.22,16,135,40.913,sunny
199.87,16.76,21.78,76.93,1.22,17,135,20.178,sunny
215.12,11.63,15.86,67.59,2.78,7,136,22.449,sunny
368.15,9.44,17.69,64.24,3.5,8,136,35.68,sunny
557.87,8.6,24.77,56.07,0.7,9,136,55.037,sunny
674.86,14.15,34.26,63.77,0.17,10,136,63.278,sunny
903.91,12.1,36.69,55.98,3.17,11,136,83.435,sunny
836.47,12.96,36.16,55.47,2.36,12,136,76.298,sunny
844.56,16.71,41.54,59.7,0.64,13,136,73.656,sunny
723.72,14.02,33.08,63.08,3.33,14,136,66.945,sunny
566.39,14.4,30.89,53.96,0.62,15,136,54.526,sunny
382.06,14.89,24.58,61.98,2.22,16,136,34.314,sunny
219.42,13.44,17.45,62.05,3.21,17,136,19.48,sunny
248.25,5.19,10.27,73.55,2.96,7,137,23.926,sunny
444.66,8.27,18.92,61.38,3.36,8,137,45.203,sunny
729.43,14.47,33.42,62.88,3.66,10,137,68.581,sunny
811.85,17.45,40.4,69.64,1.75,11,137,73.146,sunny
739.52,10.44,31.22,60.59,1.76,12,137,70.124,sunny
730.26,17.17,38.66,59.49,0.51,13,137,66.482,sunny
419.73,14.82,22.91,62.5,5.63,16,137,39.804,sunny
209.45,15.86,18.57,70.03,4.45,17,137,18.318,sunny
226.3,9.42,15.72,66.47,0.6,7,138,20.575,sunny
643.0,10.49,27.85,75.88,2.41,9,138,61.618,sunny
653.76,14.42,32.58,72.27,1.82,10,138,63.305,sunny
692.26,15.33,35.78,60.04,0.4,11,138,64.195,sunny
677.22,19.55,37.33,46.64,3.17,14,138,61.802,sunny
571.18,17.32,33.0,66.46,1.81,15,138,52.275,sunny
372.1,15.27,25.93,57.3,0.63,16,138,35.902,sunny
275.95,15.51,22.51,66.86,1.61,17,138,25.583,sunny
252.4,12.14,18.16,63.81,1.93,7,139,26.322,sunny
411.46,10.61,21.23,67.49,2.16,8,139,41.065,sunny
591.73,14.77,31.85,77.91,0.85,9,139,55.092,sunny
906.01,15.46,41.53,52.17,1.38,11,139,81.546,sunny
846.01,12.36,36.1,59.52,2.04,12,139,76.924,sunny
680.84,20.63,40.43,40.72,0.79,13,139,61.008,sunny
791.77,12.45,35.25,81.97,1.19,14,139,73.851,sunny
554.25,19.33,34.01,63.84,2.45,15,139,53.054,sunny
452.52,15.2,26.33,67.8,3.07,16,139,44.436,sunny
184.84,7.75,12.21,64.32,1.36,7,140,18.809,sunny
623.94,13.7,29.72,56.65,3.38,9,140,57.33,sunny
627.6,17.38,34.33,71.51,2.34,10,140,59.525,sunny
741.37,15.87,35.85,59.37,2.83,11,140,67.15,sunny
823.07,12.45,35.12,58.29,2.53,12,140,75.398,sunny
887.35,13.26,37.82,65.37,2.59,13,140,81.794,sunny
779.48,19.51,41.94,74.13,1.19,14,140,71.675,sunny
570.95,14.62,29.77,56.02,2.48,15,140,53.116,sunny
422.82,12.36,22.21,69.17,3.54,16,140,42.399,sunny
212.78,11.44,13.56,63.64,5.33,7,141,21.204,sunny
439.33,14.2,25.26,70.58,2.65,8,141,44.376,sunny
613.33,9.28,24.88,61.28,3.51,9,141,58.446,sunny
768.58,16.56,37.87,59.34,2.19,10,141,70.989,sunny
751.04,15.12,35.78,57.19,2.33,11,141,69.342,sunny
883.73,14.3,40.38,58.55,0.54,12,141,80.55,sunny
720.44,17.4,36.87,40.29,2.69,13,141,65.326,sunny
699.4,18.92,36.88,57.4,3.78,14,141,65.641,sunny
592.55,12.68,30.26,63.7,0.25,15,141,58.641,sunny
408.23,14.68,25.75,69.48,1.47,16,141,37.869,sunny
275.19,13.66,21.08,56.49,1.05,17,141,28.112,sunny
194.92,15.13,20.31,61.33,0.83,7,142,18.931,sunny
467.4,12.32,23.08,60.48,4.08,8,142,44.836,sunny
604.97,14.63,30.63,54.6,2.68,9,142,56.979,sunny
929.95,12.65,39.98,62.97,0.72,11,142,87.088,sunny
899.9,17.67,42.9,55.31,2.2,12,142,78.062,sunny
716.49,16.68,37.26,54.01,1.14,14,142,66.391,sunny
629.55,19.06,34.5,69.7,4.3,15,142,59.679,sunny
450.2,17.12,30.47,56.52,0.19,16,142,44.904,sunny
297.35,7.58,15.67,65.13,1.04,7,143,29.332,sunny
733.66,15.81,37.06,74.89,0.95,10,143,67.834,sunny
869.26,14.66,39.18,69.73,1.94,11,143,79.971,sunny
808.06,17.45,40.33,70.54,1.7,12,143,73.118,sunny
694.34,16.25,34.74,65.59,2.93,13,143,61.911,sunny
271.76,15.53,21.98,68.83,2.13,17,143,25.998,sunny
615.16,15.17,29.09,44.08,5.67,9,144,59.181,sunny
648.11,15.39,33.74,72.05,1.36,10,144,60.546,sunny
878.79,13.64,39.81,72.92,0.25,11,144,78.828,sunny
812.68,15.74,38.57,69.83,1.93,12,144,76.929,sunny
859.16,15.94,40.31,63.54,1.75,13,144,75.628,sunny
810.3,17.39,40.78,61.1,1.14,14,144,73.206,sunny
594.7,14.97,32.01,54.19,0.99,15,144,57.552,sunny
190.03,15.13,19.73,58.44,1.38,17,144,15.782,sunny
218.74,7.52,12.58,70.48,1.88,7,145,20.774,sunny
443.3,12.52,24.65,63.99,1.47,8,145,43.681,sunny
517.24,12.8,26.19,50.68,2.65,9,145,50.114,sunny
787.94,11.26,33.92,66.94,1.22,10,145,73.525,sunny
732.82,14.13,34.26,64.26,2.32,11,145,67.438,sunny
731.0,17.46,37.0,60.04,3.0,12,145,65.103,sunny
839.82,19.24,44.23,61.91,0.26,13,145,77.019,sunny
682.44,14.26,33.24,67.12,1.86,14,145,62.269,sunny
558.37,20.98,35.69,53.46,2.55,15,145,51.401,sunny
405.27,14.24,24.46,67.88,2.43,16,145,38.674,sunny
229.13,10.48,16.77,56.57,0.72,7,146,21.928,sunny
435.38,10.95,23.09,69.73,1.15,8,146,42.802,sunny
584.33,10.11,26.5,67.4,1.43,9,146,55.513,sunny
708.59,11.9,30.59,59.91,3.21,10,146,68.368,sunny
745.85,15.86,36.77,42.43,1.84,14,146,68.478,sunny
622.2,13.53,31.41,73.48,0.98,15,146,60.769,sunny
367.91,15.32,22.49,62.19,4.84,16,146,35.822,sunny
189.36,19.6,24.57,63.34,0.88,17,146,18.303,sunny
245.9,9.6,15.71,64.32,1.59,7,147,24.49,sunny
421.91,13.02,23.74,70.81,2.43,8,147,39.338,sunny
799.5,12.18,34.77,53.44,1.75,10,147,76.804,sunny
768.11,17.06,37.34,62.16,3.45,12,147,70.339,sunny
770.36,20.45,41.58,60.02,2.48,13,147,69.697,sunny
839.32,15.6,39.45,67.16,1.66,14,147,77.703,sunny
607.53,16.8,32.59,64.37,3.04,15,147,57.952,sunny
413.07,18.29,26.61,61.94,5.09,16,147,39.77,sunny
224.15,11.38,16.91,67.67,1.5,7,148,21.162,sunny
405.01,10.31,21.44,61.91,1.28,8,148,38.427,sunny
803.11,13.27,35.86,52.59,1.88,10,148,74.216,sunny
748.55,15.27,36.01,76.89,2.14,11,148,68.671,sunny
803.93,19.25,42.84,74.82,0.67,12,148,70.33,sunny
803.88,18.91,41.17,50.15,2.32,13,148,69.969,sunny
717.39,15.6,36.7,47.0,0.53,14,148,68.007,sunny
505.18,14.97,27.26,73.69,3.59,15,148,47.037,sunny
439.39,16.23,27.46,62.05,2.44,16,148,41.549,sunny
265.88,14.69,20.71,57.63,2.44,17,148,25.372,sunny
206.95,9.55,14.38,76.72,1.72,7,149,18.587,sunny
428.88,10.37,21.65,67.43,1.97,8,149,42.012,sunny
596.86,12.92,29.9,45.85,1.16,9,149,56.364,sunny
703.02,15.79,35.78,67.17,1.37,10,149,66.008,sunny
712.76,15.71,33.8,61.47,4.11,11,149,66.306,sunny
785.33,22.07,43.51,56.03,2.65,12,149,70.675,sunny
764.3,17.02,38.64,65.5,1.64,13,149,70.513,sunny
723.3,18.96,38.56,59.48,2.63,14,149,66.556,sunny
656.72,14.4,32.21,65.13,2.36,15,149,61.349,sunny
490.86,17.97,31.57,57.73,1.4,16,149,46.928,sunny
207.61,15.07,20.38,58.71,1.16,17,149,21.373,sunny
207.48,14.5,19.77,63.07,1.19,7,150,19.985,sunny
374.03,14.9,24.47,64.03,2.06,8,150,34.002,sunny
599.88,14.12,31.0,62.93,1.4,9,150,55.356,sunny
807.4,17.52,40.37,61.72,1.72,10,150,76.032,sunny
829.43,15.17,38.55,58.85,1.88,11,150,74.88,sunny
916.83,15.03,41.28,59.47,1.57,12,150,83.287,sunny
916.1,17.77,44.14,59.65,1.39,13,150,80.396,sunny
794.61,14.52,37.58,61.15,0.98,14,150,73.767,sunny
662.79,15.23,33.83,66.84,1.61,15,150,61.308,sunny
468.82,18.04,31.04,65.31,1.34,16,150,45.334,sunny
187.24,16.64,19.76,73.05,3.12,17,150,17.963,sunny
197.91,12.88,18.52,64.08,0.37,7,151,22.581,sunny
720.63,13.03,32.66,54.66,2.49,10,151,65.714,sunny
855.24,17.81,41.76,58.79,2.14,12,151,77.864,sunny
783.77,16.98,37.61,57.16,3.61,13,151,70.399,sunny
710.41,16.52,36.71,49.16,1.41,14,151,65.403,sunny
554.43,18.61,34.67,75.34,0.72,15,151,53.727,sunny
373.47,17.92,28.04,67.72,1.36,16,151,35.994,sunny
221.3,14.22,20.2,52.99,0.83,17,151,23.041,sunny
183.56,11.23,14.17,64.87,3.21,7,152,17.148,sunny
407.96,12.54,23.29,68.67,1.86,8,152,41.807,sunny
585.39,11.35,26.72,47.4,2.74,9,152,56.837,sunny
691.81,15.91,35.54,59.66,1.4,10,152,62.452,sunny
791.28,12.15,35.03,70.12,1.07,11,152,73.303,sunny
776.03,19.36,41.2,50.57,1.79,13,152,70.195,sunny
799.96,13.5,36.56,62.55,1.17,14,152,72.698,sunny
501.18,19.12,33.54,47.3,0.77,15,152,45.701,sunny
380.12,14.95,24.71,61.64,2.05,16,152,38.943,sunny
231.84,12.08,18.46,63.24,0.72,7,153,23.878,sunny
375.93,9.57,20.45,74.9,0.49,8,153,34.799,sunny
606.87,12.86,26.59,60.44,5.6,9,153,55.621,sunny
624.4,13.97,30.84,59.21,2.33,10,153,60.266,sunny
756.15,15.54,36.7,70.95,1.91,11,153,70.402,sunny
840.34,18.99,43.39,52.29,1.01,13,153,74.956,sunny
686.23,18.61,38.38,53.22,1.02,14,153,65.003,sunny
510.16,16.67,31.26,70.54,0.88,16,153,49.706,sunny
217.76,11.07,15.79,59.55,2.27,7,154,21.515,sunny
443.72,15.29,26.47,76.21,2.66,8,154,40.577,sunny
544.5,14.57,28.83,67.38,2.6,9,154,54.111,sunny
681.95,14.16,32.06,62.52,3.19,11,154,68.57,sunny
884.91,21.25,45.88,44.39,2.4,12,154,78.306,sunny
709.72,18.02,37.93,68.61,1.72,13,154,66.809,sunny
775.33,21.55,43.34,59.42,1.84,14,154,69.367,sunny
377.19,19.27,26.85,60.76,4.67,16,154,35.5,sunny
189.24,15.69,21.05,45.13,0.4,17,154,15.85,sunny
486.87,14.11,28.21,69.41,0.64,8,155,46.349,sunny
570.03,12.47,28.69,66.19,1.1,9,155,54.691,sunny
854.87,12.77,37.39,62.68,1.28,10,155,77.447,sunny
802.96,20.41,43.47,66.04,1.29,12,155,70.856,sunny
902.81,17.84,44.13,77.44,0.99,13,155,80.644,sunny
678.65,20.82,39.1,65.87,2.59,14,155,60.415,sunny
624.37,19.6,36.66,52.02,2.1,15,155,58.804,sunny
190.93,15.87,20.32,53.88,1.6,17,155,16.893,sunny
214.82,12.25,17.14,60.94,1.95,7,156,21.266,sunny
431.71,14.25,25.76,56.7,1.8,8,156,41.247,sunny
516.81,15.4,28.19,73.68,3.39,9,156,47.364,sunny
860.64,17.45,41.31,75.63,2.45,12,156,78.748,sunny
814.62,20.39,44.12,56.72,0.88,13,156,70.52,sunny
785.1,17.24,38.23,58.08,3.2,14,156,72.83,sunny
628.74,14.12,30.89,67.62,2.62,15,156,58.977,sunny
462.04,18.88,28.37,43.45,5.46,16,156,42.642,sunny
197.32,20.14,25.09,62.23,1.21,17,156,18.341,sunny
240.79,11.46,16.91,51.09,2.21,7,157,23.546,sunny
623.61,16.17,34.29,46.39,0.73,9,157,58.085,sunny
726.46,18.0,37.96,67.22,2.29,10,157,64.444,sunny
827.27,14.85,38.56,60.99,1.39,11,157,73.91,sunny
861.17,18.38,43.03,66.51,1.48,13,157,77.26,sunny
810.59,17.07,40.89,59.36,0.62,14,157,73.468,sunny
547.83,18.74,33.23,64.72,2.44,15,157,51.275,sunny
432.58,17.93,28.06,59.8,3.56,16,157,40.14,sunny
205.48,15.37,20.38,63.7,1.43,17,157,18.358,sunny
467.82,14.86,25.64,63.96,4.07,8,158,42.238,sunny
722.44,14.52,34.53,66.94,2.08,9,158,65.729,sunny
695.56,17.3,36.36,73.52,2.27,10,158,65.638,sunny
786.44,17.09,39.39,65.89,1.62,11,158,69.706,sunny
701.63,17.46,37.2,56.81,1.63,12,158,61.716,sunny
855.4,17.78,41.98,52.59,1.84,13,158,76.634,sunny
789.76,19.42,41.29,59.15,2.28,14,158,69.314,sunny
497.24,15.87,30.08,64.49,0.88,16,158,47.09,sunny
221.49,16.52,22.31,58.44,1.08,17,158,20.883,sunny
251.72,11.58,18.74,73.07,0.49,7,159,24.622,sunny
568.97,17.33,33.91,64.97,0.62,9,159,52.481,sunny
763.3,17.47,38.86,67.44,1.88,10,159,69.24,sunny
720.56,15.04,35.57,72.1,1.37,11,159,68.488,sunny
845.88,17.88,42.73,67.97,0.65,12,159,75.926,sunny
896.47,21.81,48.65,66.01,0.06,13,159,77.924,sunny
834.74,18.09,40.82,58.43,2.89,14,159,75.195,sunny
620.14,20.49,35.27,48.76,4.78,15,159,53.606,sunny
529.46,19.74,32.73,54.79,3.62,16,159,47.935,sunny
215.64,19.17,24.2,78.93,1.8,17,159,17.567,sunny
421.52,13.44,25.85,67.5,0.3,8,160,42.261,sunny
851.69,22.76,46.78,58.06,1.92,11,160,74.957,sunny
812.9,20.78,41.65,65.09,4.39,13,160,72.816,sunny
488.05,15.14,28.93,64.43,1.07,8,161,46.199,sunny
608.15,17.52,33.56,55.76,2.76,9,161,52.831,sunny
844.61,13.52,38.32,72.14,0.67,10,161,76.218,sunny
906.01,20.34,44.39,60.06,3.9,11,161,80.662,sunny
903.3,21.03,45.85,55.59,2.84,13,161,83.404,sunny
800.11,18.27,40.66,60.23,2.02,14,161,74.984,sunny
567.68,17.69,34.25,65.36,0.58,15,161,51.28,sunny
412.3,22.33,31.71,58.69,3.74,16,161,39.175,sunny
206.16,17.79,19.18,54.86,5.99,17,161,21.681,sunny
217.9,14.82,19.55,71.96,2.27,7,162,23.014,sunny
435.82,15.77,26.83,80.79,2.52,8,162,41.751,sunny
606.72,15.98,32.19,61.24,2.5,9,162,57.941,sunny
864.92,18.46,41.45,69.81,3.7,11,162,75.91,sunny
815.6,17.41,40.21,69.77,2.09,13,162,73.466,sunny
567.34,19.26,34.1,69.0,2.72,15,162,53.687,sunny
440.69,17.24,29.92,74.38,0.68,16,162,41.761,sunny
280.38,17.85,24.96,72.04,1.62,17,162,27.532,sunny
484.98,11.38,24.22,64.38,2.14,8,163,48.279,sunny
545.06,18.27,30.72,67.74,4.87,9,163,51.028,sunny
797.53,17.59,40.74,55.9,0.97,10,163,69.365,sunny
802.23,16.48,39.46,53.5,1.35,11,163,75.19,sunny
808.86,19.79,41.26,51.05,3.49,12,163,71.311,sunny
710.97,16.26,36.12,54.19,1.84,14,163,66.703,sunny
498.02,19.04,32.29,67.27,2.12,16,163,46.774,sunny
257.51,16.8,21.51,55.5,3.77,17,163,25.549,sunny
476.63,14.47,27.77,51.32,1.24,8,164,45.873,sunny
628.52,15.3,29.36,56.62,6.0,9,164,60.397,sunny
757.68,17.87,39.8,61.13,1.0,10,164,68.159,sunny
811.98,19.0,41.81,49.87,1.95,11,164,69.891,sunny
848.86,19.61,43.39,70.07,2.11,12,164,75.066,sunny
696.28,17.82,38.29,71.0,0.52,13,164,62.5,sunny
614.48,20.02,36.5,59.95,2.44,14,164,54.527,sunny
573.95,18.77,35.09,56.3,1.12,15,164,53.397,sunny
374.64,21.93,29.63,59.78,4.42,16,164,36.851,sunny
440.85,17.51,29.25,67.34,1.87,8,165,42.714,sunny
632.81,17.16,35.62,62.62,0.65,9,165,60.428,sunny
754.21,18.79,40.28,59.11,1.43,10,165,67.188,sunny
894.36,16.61,42.27,76.13,1.47,11,165,81.078,sunny
832.02,18.43,41.1,49.89,2.86,13,165,72.659,sunny
757.86,20.26,41.11,59.35,2.36,14,165,67.484,sunny
455.65,18.89,28.41,71.14,5.18,16,165,44.012,sunny
227.23,20.32,26.55,62.1,0.73,17,165,20.479,sunny
213.92,16.03,21.93,56.27,0.64,7,166,20.245,sunny
671.84,20.67,36.41,61.71,5.51,10,166,63.345,sunny
881.58,14.06,37.92,71.46,3.24,11,166,79.388,sunny
879.74,19.63,44.19,61.9,2.29,12,166,77.61,sunny
775.08,21.66,44.5,62.44,0.51,13,166,68.363,sunny
660.22,17.49,36.56,74.53,0.92,14,166,61.326,sunny
632.76,19.14,37.21,79.79,1.15,15,166,57.884,sunny
384.05,20.76,31.06,61.75,1.53,16,166,37.162,sunny
219.9,17.8,21.23,58.6,3.96,17,166,22.314,sunny
194.28,12.93,16.53,55.28,2.79,7,167,16.789,sunny
407.66,13.93,24.95,57.26,1.51,8,167,39.746,sunny
579.48,14.98,31.43,55.78,1.17,9,167,52.075,sunny
807.15,19.66,41.43,66.75,3.05,13,167,71.55,sunny
666.46,19.64,38.24,60.96,1.74,14,167,60.248,sunny
682.46,16.02,34.87,77.1,2.03,15,167,64.653,sunny
399.02,17.83,28.81,67.02,1.23,16,167,38.037,sunny
208.14,17.4,20.12,56.52,4.41,17,167,20.476,sunny
239.62,16.07,22.62,48.0,0.8,7,168,25.435,sunny
369.4,14.6,23.05,62.49,3.29,8,168,34.415,sunny
630.84,19.34,34.58,56.85,4.61,9,168,56.171,sunny
726.83,15.6,36.79,63.13,0.78,10,168,67.643,sunny
740.69,18.05,37.91,70.02,2.94,11,168,68.155,sunny
706.89,20.55,38.53,54.57,4.04,12,168,65.195,sunny
768.97,18.18,40.86,49.21,0.49,13,168,70.549,sunny
612.05,18.81,36.33,51.14,1.05,14,168,56.593,sunny
394.28,20.74,29.04,51.54,4.42,16,168,39.652,sunny
210.23,11.99,17.86,66.19,0.55,7,169,21.279,sunny
389.16,15.5,24.34,72.79,3.54,8,169,40.345,sunny
622.01,14.41,30.43,80.32,3.3,9,169,60.052,sunny
685.39,21.42,40.84,73.55,1.43,10,169,63.6,sunny
830.81,21.34,41.72,70.51,5.68,11,169,73.246,sunny
788.42,16.95,38.83,76.98,2.21,13,169,74.615,sunny
667.71,21.81,40.99,52.8,1.06,14,169,58.68,sunny
540.1,20.57,35.83,62.76,1.18,15,169,49.878,sunny
466.55,24.65,37.91,48.7,0.92,16,169,42.548,sunny
209.22,22.17,26.06,64.33,2.98,17,169,20.516,sunny
202.41,14.83,19.68,62.62,1.53,7,170,19.736,sunny
548.95,17.86,33.02,64.68,1.64,9,170,50.62,sunny
844.14,18.7,43.5,63.41,0.65,10,170,74.152,sunny
791.41,20.65,43.79,67.78,0.76,11,170,70.66,sunny
874.71,21.08,46.78,68.53,0.68,12,170,77.026,sunny
768.72,20.48,41.9,53.35,2.05,13,170,67.326,sunny
602.78,20.78,36.08,55.22,3.47,15,170,53.693,sunny
366.86,21.83,31.58,60.84,1.57,16,170,35.449,sunny
260.26,20.88,26.26,56.4,3.03,17,170,24.199,sunny
266.52,13.42,19.79,68.93,2.03,7,171,26.55,sunny
478.48,16.72,28.71,69.72,2.95,8,171,47.157,sunny
609.51,11.87,29.69,75.74,0.58,9,171,58.956,sunny
742.03,17.59,37.18,55.76,3.34,10,171,69.755,sunny
870.21,19.84,43.95,61.19,2.5,11,171,79.108,sunny
729.98,25.51,46.48,57.77,1.16,12,171,60.302,sunny
712.88,21.01,38.13,73.22,5.33,13,171,64.387,sunny
501.33,19.33,33.43,46.98,1.18,15,171,47.187,sunny
495.86,23.94,36.0,55.55,3.52,16,171,44.426,sunny
218.17,18.08,23.08,68.95,1.93,17,171,21.053,sunny
258.37,11.31,17.4,59.08,2.08,7,172,22.76,sunny
406.42,15.9,25.41,55.7,3.36,8,172,40.31,sunny
683.55,15.5,34.45,53.4,1.94,9,172,64.841,sunny
757.6,18.61,38.34,56.13,3.75,10,172,68.488,sunny
757.44,19.26,41.59,48.68,0.5,12,172,68.619,sunny
816.99,19.88,42.52,62.34,2.33,13,172,74.972,sunny
683.39,23.28,42.43,54.86,1.69,14,172,62.526,sunny
506.35,21.64,32.64,53.77,5.25,15,172,46.925,sunny
189.38,20.09,23.67,60.61,2.62,17,172,17.037,sunny
214.24,13.84,19.79,60.99,0.59,7,173,21.028,sunny
440.9,17.86,29.71,62.57,1.72,8,173,41.012,sunny
682.41,18.12,36.99,55.2,2.0,10,173,64.599,sunny
815.34,18.79,42.17,52.61,1.36,11,173,75.348,sunny
896.58,21.78,45.71,66.04,3.71,12,173,80.25,sunny
659.01,18.96,37.79,61.12,1.18,14,173,59.355,sunny
485.19,21.47,35.44,59.75,0.73,16,173,45.569,sunny
249.55,18.29,24.29,70.71,1.86,17,173,24.519,sunny
239.9,12.04,16.26,65.02,3.71,7,174,22.569,sunny
460.55,16.65,28.96,61.94,1.89,8,174,42.807,sunny
524.41,17.85,31.61,62.73,2.47,9,174,46.959,sunny
809.47,19.09,41.29,63.87,2.61,10,174,74.705,sunny
908.77,21.55,48.6,44.45,0.27,11,174,79.625,sunny
847.04,20.28,43.2,54.38,3.11,12,174,78.188,sunny
761.12,22.82,45.07,68.59,0.74,13,174,68.465,sunny
772.68,25.66,48.54,53.24,0.37,14,174,66.874,sunny
603.61,21.21,38.3,60.22,1.28,15,174,52.487,sunny
409.06,16.95,27.89,60.54,1.67,16,174,39.477,sunny
233.04,13.67,19.77,58.34,1.11,7,175,23.483,sunny
610.35,15.87,33.12,53.85,1.32,9,175,58.331,sunny
776.37,18.75,41.84,65.77,0.25,10,175,70.367,sunny
783.2,19.72,39.39,52.09,4.78,12,175,72.46,sunny
826.35,24.84,49.13,67.18,0.63,13,175,70.437,sunny
574.85,19.8,36.75,51.79,0.36,15,175,50.935,sunny
490.62,22.82,34.8,43.19,3.43,16,175,47.104,sunny
216.4,16.91,20.51,61.67,3.62,7,176,21.473,sunny
418.11,15.05,25.08,64.52,3.15,8,176,39.177,sunny
655.64,18.34,36.09,58.63,2.39,9,176,59.235,sunny
726.34,15.91,36.37,52.53,1.66,10,176,66.251,sunny
875.35,20.5,44.94,60.0,2.28,11,176,77.857,sunny
795.63,21.99,45.17,71.57,0.86,12,176,71.614,sunny
807.16,22.76,45.05,67.08,2.4,13,176,70.539,sunny
692.46,20.03,39.63,57.33,1.47,14,176,63.119,sunny
714.32,20.38,41.53,61.4,0.36,15,176,64.983,sunny
434.76,21.86,34.31,64.16,0.74,16,176,39.657,sunny
196.16,23.07,26.07,66.7,3.6,17,176,19.417,sunny
416.18,17.24,27.71,73.57,2.53,8,177,39.621,sunny
668.34,21.9,40.87,70.5,1.35,9,177,59.504,sunny
859.51,20.19,45.24,68.7,0.91,11,177,74.776,sunny
843.57,20.25,43.02,55.06,3.17,12,177,77.593,sunny
891.16,22.11,44.68,69.32,5.2,13,177,77.906,sunny
780.2,22.83,46.13,65.79,0.12,14,177,67.049,sunny
659.66,20.66,38.29,43.97,2.69,15,177,64.734,sunny
214.07,19.24,25.07,55.28,0.74,17,177,19.353,sunny
206.65,12.85,18.11,65.94,1.18,7,178,20.281,sunny
484.74,19.85,33.19,49.3,1.5,8,178,45.315,sunny
680.29,15.71,34.67,63.71,1.81,9,178,63.745,sunny
772.26,16.74,37.68,57.77,2.78,10,178,71.653,sunny
732.86,18.73,40.4,56.53,0.4,11,178,67.345,sunny
928.16,21.45,48.77,76.83,0.66,12,178,85.497,sunny
660.6,20.83,39.16,72.31,1.86,14,178,62.312,sunny
562.12,20.35,36.72,67.65,0.61,15,178,51.795,sunny
225.23,19.04,24.96,73.17,1.05,17,178,20.578,sunny
214.45,16.73,20.83,62.33,2.91,7,179,21.772,sunny
401.91,19.4,30.35,63.62,1.39,8,179,37.439,sunny
781.81,23.2,45.82,58.2,1.05,10,179,68.116,sunny
874.41,14.95,38.26,61.99,3.65,11,179,79.888,sunny
874.96,24.73,49.33,60.31,2.06,12,179,73.528,sunny
785.82,23.3,45.83,56.59,1.31,14,179,67.564,sunny
567.63,25.27,39.7,69.38,3.25,15,179,50.291,sunny
481.28,23.0,35.97,51.86,1.83,16,179,46.471,sunny
217.68,21.82,28.22,65.73,0.17,17,179,24.549,sunny
260.02,16.31,21.39,77.94,3.4,7,180,22.541,sunny
389.8,16.41,26.46,62.29,2.06,8,180,36.227,sunny
670.39,19.91,36.9,63.26,3.91,9,180,61.992,sunny
764.4,20.18,42.08,62.13,1.3,10,180,67.635,sunny
718.6,23.48,43.57,66.37,1.83,11,180,64.415,sunny
797.02,20.47,42.37,62.0,2.5,13,180,73.29,sunny
802.32,24.51,47.21,59.19,1.72,14,180,70.976,sunny
595.34,20.82,36.95,66.58,2.16,15,180,56.021,sunny
409.65,22.87,30.87,77.48,5.35,16,180,38.272,sunny
223.31,20.26,25.57,63.53,1.75,17,180,23.967,sunny
215.61,15.59,21.46,57.73,0.74,7,181,19.715,sunny
386.09,16.27,26.06,55.43,2.25,8,181,35.637,sunny
621.71,16.84,35.05,62.32,0.54,9,181,56.916,sunny
767.46,22.37,43.86,75.33,1.93,10,181,65.252,sunny
827.74,19.89,43.26,77.55,1.83,11,181,74.165,sunny
884.27,24.47,47.08,57.95,4.9,13,181,80.243,sunny
678.16,25.38,44.87,64.3,1.07,14,181,61.891,sunny
220.23,20.86,25.48,46.18,2.48,17,181,20.97,sunny
246.89,18.28,23.91,68.71,2.22,7,182,22.416,sunny
385.55,17.75,28.3,56.22,1.27,8,182,36.804,sunny
660.05,22.27,41.42,58.41,0.82,9,182,61.535,sunny
759.71,19.11,41.11,71.11,0.99,10,182,69.771,sunny
817.19,19.54,43.75,59.4,0.38,12,182,72.359,sunny
899.06,22.19,45.92,54.06,4.06,13,182,80.63,sunny
545.61,25.96,40.44,55.01,2.35,15,182,49.825,sunny
420.1,25.06,35.83,61.19,2.29,16,182,37.764,sunny
218.46,21.71,26.98,57.72,1.61,17,182,21.648,sunny
195.43,12.93,15.16,59.41,4.54,7,183,17.426,sunny
372.32,17.08,27.19,69.11,1.33,8,183,35.031,sunny
696.61,20.71,41.17,54.94,0.54,9,183,61.7,sunny
708.97,21.71,42.65,63.89,0.4,10,183,64.228,sunny
860.62,21.31,44.65,68.07,3.1,11,183,78.152,sunny
837.73,23.33,47.72,63.58,0.92,13,183,71.463,sunny
699.97,20.24,40.96,54.04,0.35,14,183,64.552,sunny
666.33,22.32,40.0,65.88,2.88,15,183,59.916,sunny
503.76,23.0,37.52,64.81,0.74,16,183,47.346,sunny
208.46,22.77,26.15,71.39,3.59,17,183,18.79,sunny
189.78,16.59,18.5,63.5,4.72,7,184,18.517,sunny
440.52,17.66,30.05,59.07,1.04,8,184,43.568,sunny
646.23,19.93,38.26,75.36,1.31,9,184,59.178,sunny
751.96,17.84,39.15,49.81,1.55,10,184,67.179,sunny
834.6,22.57,44.16,47.43,4.31,11,184,72.07,sunny
826.51,19.87,43.52,60.5,1.44,13,184,71.111,sunny
732.16,27.39,48.17,55.22,1.48,14,184,63.965,sunny
635.56,22.49,39.67,45.24,2.37,15,184,59.022,sunny
436.82,25.57,38.04,51.47,0.8,16,184,39.102,sunny
206.14,20.3,24.16,72.69,2.9,17,184,23.757,sunny
203.29,16.41,21.33,68.88,1.47,7,185,20.416,sunny
478.98,22.9,35.91,51.36,1.7,8,185,44.702,sunny
586.89,20.32,35.94,64.71,2.49,9,185,55.837,sunny
851.94,20.16,41.59,61.84,5.16,11,185,75.026,sunny
830.78,22.79,46.42,49.48,1.62,12,185,71.878,sunny
875.13,25.53,51.08,57.15,0.88,13,185,76.185,sunny
720.11,23.84,44.16,58.65,1.6,14,185,65.906,sunny
516.63,24.42,38.21,60.3,2.13,15,185,46.67,sunny
442.18,20.93,31.79,67.65,3.01,16,185,41.951,sunny
363.25,20.48,28.97,52.89,3.01,8,186,36.337,sunny
577.89,20.4,37.15,70.89,0.73,9,186,49.724,sunny
748.32,21.46,42.09,61.08,2.28,10,186,67.15,sunny
891.55,25.23,48.36,58.29,4.52,11,186,75.98,sunny
757.68,24.13,46.11,51.95,0.93,12,186,67.139,sunny
696.36,23.94,44.05,57.29,0.98,13,186,62.355,sunny
738.58,23.8,43.68,66.78,2.86,14,186,67.384,sunny
593.26,22.42,37.78,61.83,3.04,15,186,54.707,sunny
248.54,23.6,27.13,59.11,4.91,17,186,23.096,sunny
461.97,17.41,30.37,69.03,1.13,8,187,43.465,sunny
650.6,18.43,36.94,67.86,1.25,9,187,58.28,sunny
665.36,20.62,39.8,66.37,0.98,10,187,62.603,sunny
883.29,18.53,43.52,76.47,1.88,11,187,79.16,sunny
905.09,22.48,46.33,62.71,4.13,12,187,79.26,sunny
878.84,23.78,49.18,58.68,1.21,13,187,75.534,sunny
748.11,21.8,39.74,59.85,5.62,14,187,70.776,sunny
556.71,22.75,37.2,63.03,2.81,15,187,50.886,sunny
237.09,22.66,27.05,71.0,3.41,17,187,24.233,sunny
247.91,18.96,24.67,61.32,2.16,7,188,22.652,sunny
453.73,19.67,32.17,65.8,1.38,8,188,42.009,sunny
559.69,20.39,36.4,57.86,0.98,9,188,52.691,sunny
830.64,21.67,41.99,62.77,5.76,10,188,72.069,sunny
874.47,25.08,48.92,49.91,3.0,12,188,77.567,sunny
747.93,28.06,48.68,67.01,2.27,13,188,65.712,sunny
840.57,24.63,48.99,56.6,1.08,14,188,74.44,sunny
644.57,26.44,44.09,55.47,2.11,15,188,54.322,sunny
445.29,18.06,29.46,68.6,2.45,8,189,46.291,sunny
519.13,20.34,34.49,65.0,1.78,9,189,50.076,sunny
784.96,21.87,44.53,56.32,1.11,10,189,68.154,sunny
792.63,19.67,39.61,68.95,4.79,11,189,70.284,sunny
695.34,28.22,46.43,55.77,3.31,14,189,62.127,sunny
506.92,25.07,37.56,46.85,3.4,16,189,46.486,sunny
222.94,19.81,25.08,51.78,1.76,7,190,23.2,sunny
650.79,25.35,42.91,48.81,2.45,9,190,55.418,sunny
748.28,20.34,38.86,63.06,4.91,11,190,67.306,sunny
913.1,21.42,46.68,65.31,2.66,12,190,83.01,sunny
852.09,19.85,41.8,61.83,4.52,13,190,75.489,sunny
231.33,21.62,27.67,63.91,1.11,17,190,24.907,sunny
264.05,16.74,21.58,63.42,3.85,7,191,23.395,sunny
429.4,21.87,31.88,72.14,3.59,8,191,39.402,sunny
565.73,21.26,37.44,55.86,0.99,9,191,51.551,sunny
798.48,20.13,42.56,62.23,1.9,10,191,71.839,sunny
805.59,18.85,42.31,55.38,0.89,11,191,70.832,sunny
744.17,22.72,44.12,68.4,1.16,14,191,65.183,sunny
514.06,22.48,36.83,63.37,1.35,15,191,46.708,sunny
221.36,25.27,30.52,55.75,1.75,17,191,20.658,sunny
200.83,19.18,24.08,60.33,1.4,7,192,21.392,sunny
385.38,24.39,34.52,53.59,1.79,8,192,35.586,sunny
624.78,17.32,33.55,59.04,3.14,9,192,57.172,sunny
629.45,21.13,38.82,55.66,1.49,10,192,59.831,sunny
830.18,21.16,44.9,71.63,1.46,11,192,73.454,sunny
756.42,27.4,48.65,62.75,1.81,13,192,65.132,sunny
673.7,25.77,42.59,56.73,4.25,14,192,57.388,sunny
457.64,25.12,37.43,71.84,1.78,16,192,41.013,sunny
204.83,22.65,27.43,64.45,1.72,17,192,17.115,sunny
221.1,19.9,25.37,54.06,1.46,7,193,23.711,sunny
674.81,18.59,37.31,60.63,1.9,9,193,60.74,sunny
763.09,22.5,44.14,52.64,1.56,10,193,66.316,sunny
846.59,22.96,47.31,71.84,1.3,11,193,74.366,sunny
735.91,27.17,48.09,56.83,1.45,12,193,65.221,sunny
797.5,28.94,51.74,58.85,1.41,13,193,67.575,sunny
758.63,23.64,45.48,60.49,1.15,14,193,66.921,sunny
620.89,21.06,38.7,48.07,1.24,15,193,53.736,sunny
239.52,21.72,27.35,66.41,1.94,17,193,21.612,sunny
247.61,20.61,25.13,49.98,3.64,7,194,22.06,sunny
468.09,16.09,27.99,73.68,2.68,8,194,44.34,sunny
578.65,24.3,40.42,62.7,1.56,9,194,50.976,sunny
626.81,23.3,39.76,51.65,2.93,10,194,56.054,sunny
809.64,23.33,44.97,72.17,3.31,11,194,71.916,sunny
758.68,26.22,44.91,63.88,5.09,12,194,69.639,sunny
847.63,25.57,49.35,56.44,2.07,13,194,74.554,sunny
595.24,23.3,37.94,52.5,4.02,15,194,54.027,sunny
422.05,27.34,38.47,73.69,1.91,16,194,40.261,sunny
247.54,17.97,23.93,52.92,1.83,7,195,25.219,sunny
374.25,22.17,32.41,63.07,1.23,8,195,33.58,sunny
518.78,20.84,35.19,69.01,1.51,9,195,47.575,sunny
787.58,16.43,38.36,49.89,2.12,10,195,70.203,sunny
746.39,26.59,48.11,69.14,1.09,11,195,64.818,sunny
840.34,25.42,48.06,58.04,3.21,12,195,73.181,sunny
654.31,25.19,43.33,69.84,1.86,14,195,60.348,sunny
516.85,25.61,40.05,67.52,1.33,15,195,46.73,sunny
417.18,24.52,35.76,48.02,1.59,16,195,40.779,sunny
232.59,23.13,29.35,65.36,0.94,17,195,23.493,sunny
219.04,19.95,25.75,63.99,0.97,7,196,24.791,sunny
443.77,19.8,31.93,55.22,1.47,8,196,41.098,sunny
567.66,22.83,37.54,68.32,2.91,9,196,53.94,sunny
716.24,25.16,44.55,60.65,2.62,10,196,64.777,sunny
904.53,26.93,51.25,69.65,3.51,12,196,79.407,sunny
842.25,28.26,52.73,46.88,0.99,13,196,71.75,sunny
821.9,28.02,51.46,41.86,1.52,14,196,72.503,sunny
504.97,23.81,36.49,62.84,3.09,15,196,44.327,sunny
432.7,20.72,32.2,59.01,1.88,16,196,40.792,sunny
209.82,18.93,24.53,56.34,0.86,7,197,19.713,sunny
433.97,24.06,35.9,65.05,1.47,8,197,37.468,sunny
776.28,23.47,45.4,56.24,1.7,10,197,66.993,sunny
845.6,22.03,46.12,61.48,1.59,11,197,76.2,sunny
885.24,29.13,54.33,53.82,1.69,12,197,76.968,sunny
732.9,25.88,47.38,50.85,0.61,13,197,62.684,sunny
737.05,22.96,43.14,50.94,2.42,14,197,66.787,sunny
562.84,27.49,42.94,71.61,1.8,15,197,49.454,sunny
454.71,22.67,32.27,53.85,5.05,16,197,42.176,sunny
385.77,19.21,29.68,64.22,1.38,8,198,38.493,sunny
539.7,22.4,38.26,54.12,0.41,9,198,49.071,sunny
876.22,25.88,49.01,63.47,3.94,10,198,77.078,sunny
719.97,22.71,42.9,42.84,1.77,11,198,63.119,sunny
877.59,25.06,49.22,60.87,2.71,12,198,77.8,sunny
764.82,26.43,45.89,54.09,4.35,13,198,67.08,sunny
720.97,25.6,46.18,58.82,1.31,14,198,63.374,sunny
563.99,21.94,36.91,49.48,2.45,15,198,51.951,sunny
415.22,25.92,38.32,54.89,0.08,16,198,37.146,sunny
216.09,21.48,26.84,61.8,1.41,7,199,19.693,sunny
653.97,23.21,39.24,68.03,4.49,10,199,58.417,sunny
895.59,26.77,48.98,55.97,5.81,11,199,79.561,sunny
747.04,25.07,47.21,62.88,0.34,12,199,65.416,sunny
803.57,25.75,47.35,60.5,3.14,14,199,69.72,sunny
575.5,22.39,39.53,54.36,0.15,15,199,50.486,sunny
432.77,26.12,36.2,64.74,3.63,16,199,40.386,sunny
193.81,22.68,24.49,49.25,5.01,17,199,18.109,sunny
212.65,21.29,25.28,77.22,2.99,7,200,19.138,sunny
432.81,17.35,28.67,53.47,2.08,8,200,43.424,sunny
616.24,21.08,38.68,60.92,1.11,9,200,55.763,sunny
626.72,21.58,38.41,52.14,2.46,10,200,59.756,sunny
682.6,21.9,40.86,59.95,1.9,11,200,58.428,sunny
925.82,24.64,49.3,62.18,3.88,13,200,80.532,sunny
691.28,27.79,48.15,41.59,0.48,14,200,62.033,sunny
623.26,27.18,45.02,55.11,1.07,15,200,55.679,sunny
395.57,22.39,33.5,60.79,0.94,16,200,36.713,sunny
283.04,23.42,31.8,61.1,0.15,17,200,26.999,sunny
230.82,19.99,25.29,55.02,2.04,7,201,24.023,sunny
440.72,19.98,31.72,62.91,1.85,8,201,39.672,sunny
664.91,23.68,40.98,62.81,3.31,9,201,58.479,sunny
873.49,24.16,49.71,55.69,0.83,13,201,75.979,sunny
738.57,22.27,41.63,60.2,3.49,14,201,66.23,sunny
652.29,27.05,44.77,58.16,2.31,15,201,57.857,sunny
440.81,29.26,39.35,48.37,3.91,16,201,40.428,sunny
218.03,24.98,31.25,55.29,0.34,17,201,19.364,sunny
218.71,20.64,24.82,78.79,2.98,7,202,21.686,sunny
666.34,20.02,38.39,73.68,2.02,10,202,61.033,sunny
821.91,24.68,47.99,56.78,1.68,11,202,72.154,sunny
811.83,26.9,49.65,42.96,2.01,12,202,71.408,sunny
855.73,26.64,51.82,63.04,0.61,13,202,74.019,sunny
717.93,23.81,45.08,58.74,0.34,14,202,63.874,sunny
631.65,27.86,45.4,56.14,1.77,15,202,58.948,sunny
402.96,29.38,41.28,62.32,0.24,16,202,33.436,sunny
219.31,23.03,26.67,59.91,3.68,17,202,19.068,sunny
208.49,16.55,22.19,57.97,0.78,7,203,21.216,sunny
397.98,18.54,29.28,64.46,1.5,8,203,37.554,sunny
562.92,22.27,36.18,51.52,3.72,9,203,51.841,sunny
744.81,24.85,44.44,62.33,3.45,14,203,66.436,sunny
697.16,26.32,46.47,50.66,0.95,15,203,62.786,sunny
251.69,25.23,29.61,64.48,3.95,17,203,24.774,sunny
208.05,18.81,21.89,58.56,3.95,7,204,20.24,sunny
427.67,22.43,34.07,44.94,1.48,8,204,40.198,sunny
590.54,23.26,38.44,48.95,3.18,9,204,54.562,sunny
805.77,26.12,49.79,57.52,0.63,10,204,73.303,sunny
722.47,25.66,44.89,54.85,3.06,11,204,64.849,sunny
699.89,26.38,45.74,55.55,2.06,12,204,61.336,sunny
782.3,23.99,46.94,62.24,0.66,13,204,67.333,sunny
781.13,28.11,46.97,71.73,5.71,14,204,69.099,sunny
562.77,23.57,37.83,54.85,3.28,15,204,54.6,sunny
225.3,23.96,29.97,58.33,0.94,17,204,19.911,sunny
252.8,21.01,25.6,61.04,3.75,7,205,21.352,sunny
585.29,22.73,39.7,50.36,0.73,9,205,53.798,sunny
682.63,21.99,41.91,68.3,0.7,10,205,57.993,sunny
860.22,26.63,48.25,61.99,5.24,11,205,74.326,sunny
798.09,25.56,46.76,61.74,3.43,13,205,71.212,sunny
640.76,25.11,43.21,58.79,1.4,15,205,57.627,sunny
426.91,26.62,35.81,52.87,4.52,16,205,37.979,sunny
207.28,22.69,27.64,60.96,1.58,17,205,18.822,sunny
213.84,19.75,22.94,60.35,4.04,7,206,21.439,sunny
721.99,23.64,42.72,79.88,3.23,10,206,66.444,sunny
688.81,23.77,42.78,50.28,2.06,12,206,61.613,sunny
828.74,25.7,47.27,66.33,4.12,13,206,73.866,sunny
616.92,28.31,44.25,52.81,3.22,14,206,57.211,sunny
577.71,28.0,44.08,59.07,1.56,15,206,51.38,sunny
218.61,25.47,30.53,58.37,1.87,17,206,23.471,sunny
428.85,19.04,29.85,72.12,2.57,8,207,37.937,sunny
561.71,23.49,37.93,55.67,3.02,9,207,48.893,sunny
681.17,26.38,45.65,60.3,1.45,10,207,62.137,sunny
919.76,24.66,50.66,51.99,1.99,11,207,78.661,sunny
832.69,25.18,46.81,48.09,4.19,12,207,71.529,sunny
820.84,30.95,53.96,62.9,2.01,14,207,68.609,sunny
596.3,29.76,43.77,52.55,4.85,15,207,52.633,sunny
233.12,27.84,33.97,54.23,1.09,17,207,21.195,sunny
222.49,23.64,28.26,65.05,2.57,7,208,20.956,sunny
424.64,25.64,37.87,55.46,0.64,8,208,40.689,sunny
584.28,22.06,37.41,57.6,2.73,9,208,50.907,sunny
797.77,26.23,46.38,67.98,4.73,10,208,69.19,sunny
706.65,23.82,44.0,64.39,1.28,11,208,62.441,sunny
760.99,28.48,49.62,66.55,2.11,12,208,66.272,sunny
606.84,22.86,38.86,63.35,2.75,14,208,55.627,sunny
404.21,24.7,36.46,50.74,0.46,16,208,35.492,sunny
250.5,24.94,29.84,60.98,3.26,17,208,25.99,sunny
399.57,23.82,32.4,61.55,4.26,8,209,39.129,sunny
677.34,23.79,41.12,65.15,3.74,10,209,60.102,sunny
628.72,26.2,44.54,70.72,0.64,15,209,53.989,sunny
372.53,26.09,33.73,74.14,4.41,16,209,34.349,sunny
223.85,26.8,33.31,55.73,0.26,17,209,23.188,sunny
224.0,18.73,24.07,54.78,1.73,7,210,20.858,sunny
397.81,25.59,35.83,71.95,2.12,8,210,38.916,sunny
526.67,23.16,35.58,49.29,4.23,9,210,48.209,sunny
660.48,27.29,44.79,68.73,2.9,10,210,60.291,sunny
704.57,24.97,45.69,53.17,0.52,14,210,63.45,sunny
541.8,26.82,41.66,54.09,1.77,15,210,47.877,sunny
196.85,25.69,30.72,67.48,1.08,17,210,17.781,sunny
376.43,23.49,32.15,66.51,3.3,8,211,35.381,sunny
577.18,24.3,38.55,55.98,3.84,9,211,51.524,sunny
736.27,27.13,48.42,57.79,1.0,10,211,65.138,sunny
791.07,26.12,47.68,60.95,2.72,11,211,73.483,sunny
716.37,28.23,46.59,68.21,3.92,13,211,63.634,sunny
731.85,27.83,46.77,60.13,3.77,14,211,64.499,sunny
360.23,27.9,35.04,61.74,4.59,16,211,34.538,sunny
210.04,22.4,26.37,59.25,2.91,17,211,19.492,sunny
249.38,18.01,24.7,65.41,0.99,7,212,22.421,sunny
427.87,22.72,31.73,65.56,4.78,8,212,38.733,sunny
603.76,23.65,39.37,63.68,2.99,9,212,54.427,sunny
707.74,24.62,44.13,58.08,2.15,10,212,61.607,sunny
834.64,22.27,47.18,54.89,0.17,11,212,74.316,sunny
792.11,26.86,49.95,60.48,0.84,12,212,66.637,sunny
686.01,27.81,45.65,53.11,3.42,13,212,60.09,sunny
642.93,29.04,47.56,44.32,0.95,14,212,55.7,sunny
582.83,28.41,43.67,50.89,2.79,15,212,53.535,sunny
408.27,29.38,40.37,53.92,1.57,16,212,36.903,sunny
242.09,22.06,27.6,54.46,2.15,17,212,21.11,sunny
216.44,22.08,27.56,71.29,1.27,7,213,21.394,sunny
633.5,23.67,41.63,71.82,1.31,10,213,58.752,sunny
789.75,25.54,48.06,63.9,1.48,11,213,68.525,sunny
771.43,28.48,49.19,50.54,3.04,12,213,68.065,sunny
765.04,28.17,47.46,56.77,4.57,13,213,69.92,sunny
219.12,19.56,23.53,58.53,3.25,7,214,16.913,sunny
695.12,24.95,43.87,53.02,2.41,10,214,60.381,sunny
815.79,22.73,46.66,75.12,0.68,11,214,73.197,sunny
626.15,26.33,43.82,63.04,1.62,14,214,57.176,sunny
620.22,26.98,44.05,58.74,1.93,15,214,56.988,sunny
474.93,26.74,37.4,60.45,4.48,16,214,42.031,sunny
222.11,26.16,29.86,63.57,3.71,17,214,18.859,sunny
236.86,20.28,26.14,68.75,1.56,7,215,21.227,sunny
417.37,23.84,35.44,57.15,1.15,8,215,38.737,sunny
652.38,27.59,45.18,64.09,2.49,10,215,58.863,sunny
759.87,21.07,39.54,53.9,5.41,11,215,70.074,sunny
839.42,28.96,50.06,50.7,5.1,12,215,73.388,sunny
811.38,26.74,49.71,46.83,1.71,13,215,68.936,sunny
677.72,25.65,44.34,60.67,2.06,14,215,59.041,sunny
428.05,26.21,35.84,58.47,4.01,16,215,39.418,sunny
380.44,23.36,32.84,64.75,2.41,8,216,38.876,sunny
541.93,23.15,38.86,59.45,0.69,9,216,47.764,sunny
718.84,25.85,46.6,69.61,1.02,10,216,63.348,sunny
893.22,27.31,49.28,48.88,6.03,12,216,75.511,sunny
766.5,30.35,53.05,55.87,0.37,13,216,63.926,sunny
639.96,30.22,48.42,66.63,1.25,14,216,55.114,sunny
611.08,28.68,44.75,51.28,2.83,15,216,54.922,sunny
369.02,25.66,36.35,66.38,0.47,16,216,33.267,sunny
205.14,20.43,25.12,62.9,1.84,7,217,21.771,sunny
416.21,23.93,35.4,67.39,1.28,8,217,40.372,sunny
741.36,26.55,47.23,51.86,1.95,10,217,66.037,sunny
821.63,29.72,53.51,52.57,1.07,11,217,70.456,sunny
895.65,26.58,51.53,56.09,2.39,12,217,77.741,sunny
672.68,28.92,46.96,53.83,2.67,14,217,56.555,sunny
625.47,27.32,45.31,60.34,0.96,15,217,56.113,sunny
399.91,29.81,40.97,63.89,1.05,16,217,34.875,sunny
215.98,21.86,25.88,61.77,3.07,7,218,21.97,sunny
558.77,26.29,42.6,58.97,0.57,9,218,49.532,sunny
741.77,27.79,47.33,53.06,3.4,11,218,64.244,sunny
815.34,28.85,51.81,59.91,1.87,12,218,71.123,sunny
764.76,28.48,49.87,59.27,1.94,13,218,66.631,sunny
667.09,27.67,44.67,62.99,3.76,14,218,56.506,sunny
552.85,26.95,40.98,64.59,3.19,15,218,49.733,sunny
185.1,23.21,27.55,67.29,1.52,7,219,19.755,sunny
416.09,22.46,31.51,73.0,4.29,8,219,36.632,sunny
629.97,27.45,45.82,58.24,0.67,10,219,56.534,sunny
812.18,24.63,48.28,71.21,0.9,11,219,71.999,sunny
764.1,28.89,49.26,52.78,3.18,13,219,68.478,sunny
404.65,25.81,36.51,45.06,1.81,16,219,39.001,sunny
215.09,25.49,28.54,48.94,4.24,17,219,20.202,sunny
193.07,21.28,23.52,64.94,4.45,7,220,19.046,sunny
418.88,20.37,27.97,77.84,6.21,8,220,39.593,sunny
564.16,23.64,38.63,57.3,2.42,9,220,50.433,sunny
844.38,25.99,50.05,51.24,1.59,11,220,72.311,sunny
889.34,28.47,53.29,44.82,2.33,12,220,76.649,sunny
790.79,27.2,49.0,60.68,2.4,13,220,70.246,sunny
198.56,27.34,31.26,54.33,2.55,17,220,18.956,sunny
210.38,21.99,26.03,56.45,2.84,7,221,20.067,sunny
557.13,28.3,42.59,66.36,3.03,9,221,51.339,sunny
741.71,26.2,47.33,51.62,1.39,11,221,64.789,sunny
706.72,26.36,47.07,58.34,0.61,13,221,61.043,sunny
728.94,30.45,48.83,50.0,4.35,14,221,62.607,sunny
551.05,27.07,43.26,73.14,0.43,15,221,47.6,sunny
421.4,29.28,37.23,41.58,5.87,16,221,41.289,sunny
193.36,24.64,27.72,53.58,3.41,17,221,16.433,sunny
212.11,23.27,29.34,56.34,0.37,7,222,20.075,sunny
429.36,21.91,31.08,68.58,4.64,8,222,41.302,sunny
744.99,26.25,47.95,53.39,0.82,10,222,64.727,sunny
699.4,27.41,47.77,78.42,0.77,11,222,63.46,sunny
693.53,31.19,50.54,51.74,1.81,14,222,60.615,sunny
538.45,28.95,43.5,66.68,2.01,15,222,46.763,sunny
207.35,27.01,29.76,55.93,4.34,17,222,21.851,sunny
443.83,22.13,34.94,57.72,0.64,8,223,42.598,sunny
542.32,26.07,41.55,46.52,0.99,9,223,52.293,sunny
687.99,28.04,47.39,61.02,1.61,11,223,60.631,sunny
808.02,32.66,53.52,66.23,4.22,12,223,69.78,sunny
698.71,28.38,47.52,57.59,2.27,13,223,60.735,sunny
689.07,25.47,44.4,54.55,2.19,14,223,61.208,sunny
434.97,26.9,39.38,67.31,0.71,16,223,41.599,sunny
210.47,20.34,26.17,62.09,0.61,7,224,17.913,sunny
530.94,25.26,38.33,48.95,3.57,9,224,49.447,sunny
729.67,25.64,45.69,66.71,2.3,10,224,62.752,sunny
795.27,25.0,45.12,64.54,4.67,11,224,70.213,sunny
872.03,27.91,50.55,53.21,4.41,13,224,76.854,sunny
427.45,30.28,41.26,50.67,2.31,16,224,37.757,sunny
231.7,24.66,29.19,66.99,3.02,7,225,20.838,sunny
398.85,25.42,34.15,46.05,4.04,8,225,36.592,sunny
525.45,24.88,40.27,65.95,0.46,9,225,46.637,sunny
723.84,23.77,45.15,67.96,0.42,10,225,64.056,sunny
811.91,25.25,47.52,64.7,2.61,11,225,71.588,sunny
687.71,28.95,46.79,53.36,3.48,12,225,59.391,sunny
836.71,27.59,51.35,69.3,1.68,13,225,72.311,sunny
647.19,27.99,46.17,50.22,1.55,14,225,58.162,sunny
607.51,28.8,46.3,65.58,0.9,15,225,53.095,sunny
393.32,27.62,36.48,65.86,3.67,16,225,37.201,sunny
212.86,24.15,28.61,63.13,2.41,17,225,22.23,sunny
574.49,26.7,43.53,49.09,0.51,9,226,53.572,sunny
723.46,29.74,50.8,58.88,0.8,10,226,65.107,sunny
749.86,29.59,47.87,62.92,5.26,11,226,67.427,sunny
725.66,28.25,46.51,50.81,4.38,12,226,63.359,sunny
678.16,32.6,48.49,41.92,5.56,13,226,58.362,sunny
645.99,30.18,48.53,45.58,1.29,14,226,56.641,sunny
537.4,26.85,42.17,45.1,1.01,15,226,49.789,sunny
424.66,28.65,38.22,62.72,3.97,16,226,41.652,sunny
211.38,27.32,33.07,58.45,0.74,17,226,18.233,sunny
406.91,26.27,36.98,55.99,1.87,8,227,38.105,sunny
650.71,24.26,43.4,60.4,0.47,10,227,60.652,sunny
730.41,26.98,45.43,54.64,4.33,11,227,66.969,sunny
756.13,28.52,50.55,54.57,0.82,12,227,65.844,sunny
791.95,29.47,51.65,54.84,1.97,13,227,69.934,sunny
705.19,31.86,50.52,53.35,3.12,14,227,62.511,sunny
206.76,27.07,29.81,56.5,4.34,17,227,21.538,sunny
379.04,25.49,34.46,56.45,2.99,8,228,35.783,sunny
793.58,31.26,53.57,57.81,1.87,12,228,67.392,sunny
720.79,31.71,51.63,59.19,2.13,13,228,59.49,sunny
681.32,29.97,49.58,71.96,1.04,14,228,57.284,sunny
423.38,29.93,42.44,44.36,0.24,16,228,39.355,sunny
200.65,25.39,31.14,63.49,0.34,7,229,20.799,sunny
586.47,27.72,44.67,47.85,0.8,9,229,52.706,sunny
674.81,24.9,44.71,56.6,0.55,10,229,57.999,sunny
706.01,30.42,47.44,68.19,5.2,13,229,63.387,sunny
706.47,29.08,48.59,57.56,2.11,14,229,59.126,sunny
602.0,30.79,48.09,61.43,0.95,15,229,50.801,sunny
380.62,29.13,38.71,51.07,2.3,16,229,33.319,sunny
214.33,23.08,27.05,53.88,3.07,7,230,18.329,sunny
423.63,22.16,32.63,59.59,2.8,8,230,41.22,sunny
520.18,26.94,41.69,66.57,1.06,9,230,45.661,sunny
793.35,28.58,51.79,66.27,0.74,11,230,68.941,sunny
813.47,29.89,51.45,68.3,3.56,12,230,71.181,sunny
675.37,30.07,49.0,47.2,1.67,13,230,57.5,sunny
564.97,28.65,43.5,54.49,2.62,15,230,50.492,sunny
368.44,33.18,42.88,41.15,1.69,16,230,33.298,sunny
229.24,30.91,35.69,46.88,2.62,17,230,17.405,sunny
390.9,24.92,35.26,57.6,1.73,8,231,34.461,sunny
526.22,27.09,41.64,52.09,1.54,9,231,48.19,sunny
826.63,30.12,52.72,66.26,2.75,12,231,72.478,sunny
679.57,27.66,47.44,76.94,0.76,14,231,59.425,sunny
511.7,26.25,37.21,67.77,5.5,15,231,47.277,sunny
204.49,26.59,31.91,44.27,1.02,7,232,17.281,sunny
368.69,22.91,33.45,52.99,0.64,8,232,33.573,sunny
762.26,28.27,48.63,58.24,3.14,11,232,67.958,sunny
801.14,26.5,47.46,62.05,3.84,12,232,69.986,sunny
558.97,27.64,43.45,58.61,1.2,15,232,50.263,sunny
228.9,27.28,31.07,58.89,3.84,17,232,21.203,sunny
357.35,23.96,31.58,47.2,3.89,8,233,34.701,sunny
687.22,28.19,46.9,50.03,2.38,12,233,59.574,sunny
785.38,27.55,46.46,55.5,5.82,13,233,70.587,sunny
619.73,30.98,47.44,56.25,2.66,14,233,54.26,sunny
534.33,28.58,41.77,68.51,3.56,15,233,48.061,sunny
218.89,28.94,33.14,52.02,2.96,17,233,19.844,sunny
191.1,23.93,27.19,55.78,3.1,7,234,17.289,sunny
535.46,30.65,46.44,52.6,0.34,9,234,46.815,sunny
615.18,28.2,45.24,56.69,1.77,10,234,54.543,sunny
712.92,28.45,48.33,56.94,1.89,11,234,64.103,sunny
759.32,28.94,49.98,61.06,2.17,12,234,68.786,sunny
757.6,29.56,50.52,52.97,2.21,13,234,65.328,sunny
757.36,31.45,51.8,60.03,2.97,14,234,63.18,sunny
515.08,27.99,42.93,49.52,0.63,15,234,45.256,sunny
377.31,31.12,41.33,63.44,1.38,16,234,33.584,sunny
220.42,24.85,31.16,49.81,0.37,7,235,22.192,sunny
405.6,26.89,38.56,54.5,0.62,8,235,36.704,sunny
533.6,24.38,39.55,69.64,1.05,9,235,48.129,sunny
646.25,28.9,47.38,41.94,1.13,10,235,57.963,sunny
756.43,28.17,48.84,60.1,2.53,11,235,65.815,sunny
696.49,32.78,53.32,62.97,0.45,13,235,59.596,sunny
554.25,32.25,46.6,53.67,2.85,15,235,48.766,sunny
217.6,26.82,31.81,70.0,1.93,17,235,18.601,sunny
196.06,22.26,25.99,46.31,2.68,7,236,20.823,sunny
569.02,25.69,41.95,60.72,1.02,9,236,51.207,sunny
680.53,25.38,45.21,58.38,0.73,11,236,61.531,sunny
546.23,32.83,48.46,62.41,0.95,15,236,49.195,sunny
213.41,28.54,31.76,60.26,3.98,17,236,20.67,sunny
186.87,22.81,27.63,60.64,0.98,7,237,17.547,sunny
522.76,31.52,43.93,61.11,4.1,9,237,46.549,sunny
652.69,28.68,45.56,65.72,3.37,10,237,60.998,sunny
689.11,32.29,50.67,70.51,2.85,11,237,59.374,sunny
759.01,28.04,50.33,68.4,0.61,12,237,63.538,sunny
704.42,31.34,51.53,59.36,1.18,13,237,60.617,sunny
550.17,32.73,46.25,53.3,3.73,15,237,48.891,sunny
600.19,24.86,40.45,60.1,3.02,9,238,53.87,sunny
664.68,34.86,52.31,53.22,3.1,14,238,57.96,sunny
369.28,30.9,41.13,53.86,1.06,16,238,34.488,sunny
186.36,29.43,34.56,69.54,0.57,17,238,18.193,sunny
552.57,26.37,41.51,57.62,1.8,9,239,47.225,sunny
675.01,25.07,44.37,45.81,1.18,10,239,62.252,sunny
708.9,29.09,48.9,53.51,1.82,12,239,60.377,sunny
693.58,29.64,48.01,49.83,3.05,14,239,58.993,sunny
498.02,30.46,44.73,48.17,0.84,15,239,45.131,sunny
367.17,29.06,38.26,57.68,2.27,16,239,34.162,sunny
222.27,25.96,31.62,68.75,1.25,7,240,20.118,sunny
737.05,25.64,45.23,57.16,3.16,11,240,66.625,sunny
700.88,32.06,50.71,45.25,2.96,14,240,60.994,sunny
536.67,30.74,46.21,52.43,0.78,15,240,43.93,sunny
202.54,30.58,32.51,50.05,5.19,17,240,19.488,sunny
509.6,30.47,41.46,66.06,5.37,9,241,44.184,sunny
700.13,27.96,47.92,75.61,1.31,11,241,61.835,sunny
389.22,24.88,36.05,40.75,0.63,16,241,35.313,sunny
185.2,24.96,25.92,61.87,5.74,7,242,16.833,sunny
423.82,24.05,35.91,64.23,1.07,8,242,39.038,sunny
631.67,26.01,42.14,55.18,3.52,10,242,55.733,sunny
688.35,31.5,51.25,56.26,1.13,11,242,59.462,sunny
691.12,29.66,49.01,55.26,1.73,13,242,59.028,sunny
505.97,30.76,42.5,77.28,4.29,15,242,46.47,sunny
189.86,24.84,29.09,72.7,1.8,17,242,18.238,sunny
670.51,28.62,46.59,68.69,2.69,13,243,58.021,sunny
207.72,31.07,36.51,46.57,0.98,17,243,19.523,sunny
743.07,28.49,46.74,53.4,5.06,12,244,65.193,sunny
662.87,31.76,49.17,60.1,3.1,14,244,57.315,sunny
505.6,28.31,43.43,74.49,0.06,15,244,44.721,sunny
381.63,28.02,38.45,56.17,1.28,16,244,34.784,sunny
189.75,29.11,32.87,59.48,2.41,17,244,17.825,sunny
389.95,24.68,35.87,52.1,0.65,8,245,35.087,sunny
688.48,33.19,53.31,51.57,0.66,12,245,57.637,sunny
737.53,30.39,52.08,50.86,0.54,13,245,61.856,sunny
662.29,30.42,49.57,57.24,0.9,14,245,58.691,sunny
548.25,24.59,40.79,56.51,0.31,15,245,49.468,sunny
544.74,28.53,43.71,68.28,1.45,9,246,48.226,sunny
659.11,27.88,44.41,63.6,4.05,10,246,60.517,sunny
755.27,29.55,51.69,69.5,0.65,12,246,65.027,sunny
615.74,23.81,39.32,55.39,3.7,10,247,54.483,sunny
189.15,29.96,35.56,53.73,0.1,17,247,17.906,sunny
390.9,23.35,32.64,64.38,3.06,8,248,36.657,sunny
624.11,25.63,41.69,61.99,3.33,10,248,56.19,sunny
692.27,27.17,45.22,67.45,3.4,12,248,59.754,sunny
636.49,28.93,45.72,59.19,2.88,14,248,57.532,sunny
363.73,30.14,39.25,55.12,2.25,16,248,32.367,sunny
203.52,25.99,30.21,66.45,2.35,17,248,16.329,sunny
433.15,24.24,34.3,73.84,3.67,8,249,39.691,sunny
625.41,27.45,42.38,53.39,4.8,10,249,57.9,sunny
400.4,22.95,32.43,72.6,3.16,8,250,38.764,sunny
525.73,29.34,43.62,53.94,1.87,9,250,44.903,sunny
696.72,29.14,49.07,52.22,1.21,11,250,59.304,sunny
373.7,22.99,32.92,52.07,1.6,8,251,33.247,sunny
737.26,28.6,48.22,60.47,3.12,12,251,63.966,sunny
606.37,29.37,45.57,46.3,2.49,14,251,53.173,sunny
507.32,28.74,41.08,57.88,3.6,15,251,45.567,sunny
358.66,32.2,40.69,56.55,2.83,16,251,31.692,sunny
391.57,28.12,39.3,53.4,0.72,8,252,36.305,sunny
565.76,27.99,44.63,61.48,0.41,9,252,51.448,sunny
659.3,29.99,47.59,56.33,2.73,10,252,58.791,sunny
368.77,24.59,33.53,40.61,2.66,8,253,33.04,sunny
648.6,26.7,43.68,60.38,3.09,10,253,58.965,sunny
728.05,29.69,50.62,55.51,1.13,12,253,61.075,sunny
359.42,28.5,38.12,58.72,1.45,16,253,30.269,sunny
217.78,23.81,28.5,70.41,2.3,7,254,23.501,sunny
645.82,26.77,45.34,63.06,1.01,14,254,57.064,sunny
185.94,25.52,28.14,64.52,3.7,7,255,14.442,sunny
721.21,31.21,51.53,58.82,1.64,12,255,62.691,sunny
631.55,30.48,48.21,70.15,1.52,14,255,55.396,sunny
376.39,29.3,38.41,58.26,2.72,16,255,35.003,sunny
194.54,32.28,34.55,57.9,4.47,17,255,17.751,sunny
709.11,28.8,49.04,50.3,1.29,13,257,61.347,sunny
498.67,25.26,38.94,62.62,1.61,15,257,45.396,sunny
377.12,28.23,38.52,63.28,1.28,16,257,36.175,sunny
722.97,32.31,51.49,52.1,3.14,12,258,61.417,sunny
185.82,30.19,34.86,66.09,1.12,17,258,18.998,sunny
364.96,25.42,36.08,50.93,0.37,8,259,31.979,sunny
377.36,24.21,35.33,53.21,0.25,8,261,35.795,sunny
188.78,29.75,31.93,56.47,4.36,17,261,15.814,sunny
385.85,31.18,41.26,62.88,1.87,16,262,36.793,sunny
758.36,30.75,52.44,63.9,1.32,12,263,64.849,sunny
185.18,19.84,21.23,63.49,5.21,7,264,18.225,sunny
511.53,24.98,39.03,58.77,1.61,9,266,46.032,sunny
191.6,28.56,33.07,41.09,1.55,17,271,18.435,sunny
183.75,23.24,26.07,66.01,3.36,7,272,17.806,sunny
678.16,29.28,47.96,64.51,2.08,13,273,59.209,sunny
222.35,33.13,36.91,57.76,3.6,17,277,19.139,sunny
190.39,24.83,28.53,46.08,2.51,7,279,17.981,sunny
195.1,26.48,32.15,53.05,0.23,7,290,18.819,sunny
207.03,28.21,30.72,66.0,4.63,17,292,20.433,sunny
237.21,25.28,29.73,55.48,3.34,17,316,21.881,sunny
