time,irradiance,temperature,voltage,current,power,source_site,weather_condition,source_file,date,irradiance_rolling_std,operating_scenario
2023-01-01 11:04:00,636.15,3.8535,118.28,5.3087,583.91,PVDAQ_10,sunny,system_10_2023_01_01.csv,2023-01-01,75.7376244927814,sunny
2023-01-01 11:05:00,624.63,3.8691,118.37,5.1518,563.86,PVDAQ_10,sunny,system_10_2023_01_01.csv,2023-01-01,89.97083351736588,sunny
2023-01-01 11:06:00,671.71,3.8904,118.44,5.4618,603.15,PVDAQ_10,sunny,system_10_2023_01_01.csv,2023-01-01,105.8207851218728,sunny
2023-01-01 11:07:00,676.61,3.9937,118.38,5.5465,611.55,PVDAQ_10,sunny,system_10_2023_01_01.csv,2023-01-01,117.16835194344468,sunny
2023-01-01 11:08:00,662.06,4.1363,118.18,5.4714,602.11,PVDAQ_10,sunny,system_10_2023_01_01.csv,2023-01-01,122.70946205609127,sunny
2023-01-01 11:09:00,668.74,4.304,118.23,5.4901,605.92,PVDAQ_10,sunny,system_10_2023_01_01.csv,2023-01-01,126.06149097431276,sunny
2023-01-01 11:10:00,630.01,4.3215,118.04,5.2019,567.18,PVDAQ_10,sunny,system_10_2023_01_01.csv,2023-01-01,123.54509584223383,sunny
2023-01-01 11:11:00,625.24,4.309,117.96,5.16,562.55,PVDAQ_10,sunny,system_10_2023_01_01.csv,2023-01-01,117.58748759156019,sunny
2023-01-01 11:12:00,606.48,4.3925,117.9,5.0278,545.02,PVDAQ_10,sunny,system_10_2023_01_01.csv,2023-01-01,108.61455615857342,sunny
2023-01-01 11:13:00,601.65,4.4807,118.17,4.9748,539.0,PVDAQ_10,sunny,system_10_2023_01_01.csv,2023-01-01,96.94466064031974,sunny
2023-01-01 11:14:00,607.45,4.4673,118.23,5.0088,546.0,PVDAQ_10,sunny,system_10_2023_01_01.csv,2023-01-01,83.32506255337528,sunny
2023-01-01 11:47:00,602.0,3.316,118.61,5.0351,549.25,PVDAQ_10,sunny,system_10_2023_01_01.csv,2023-01-01,57.3041320707415,sunny
2023-01-01 12:04:00,656.97,3.2548,118.4,5.2984,578.58,PVDAQ_10,sunny,system_10_2023_01_01.csv,2023-01-01,36.36197287591289,sunny
2023-01-01 12:05:00,638.53,3.3475,118.36,5.0777,555.1,PVDAQ_10,sunny,system_10_2023_01_01.csv,2023-01-01,42.327264803130646,sunny
2023-01-01 12:06:00,636.68,3.3798,118.31,5.2068,566.64,PVDAQ_10,sunny,system_10_2023_01_01.csv,2023-01-01,46.81221684255452,sunny
2023-01-01 12:07:00,631.02,3.3617,118.14,5.1395,563.34,PVDAQ_10,sunny,system_10_2023_01_01.csv,2023-01-01,49.68807495145103,sunny
2023-01-01 12:08:00,639.71,3.3903,118.11,5.3019,581.7,PVDAQ_10,sunny,system_10_2023_01_01.csv,2023-01-01,50.45900721896814,sunny
2023-01-01 12:09:00,701.4,3.3871,118.38,5.8008,643.03,PVDAQ_10,sunny,system_10_2023_01_01.csv,2023-01-01,54.974429224608656,sunny
2023-01-01 12:10:00,766.83,3.3839,118.5,6.2432,695.26,PVDAQ_10,sunny,system_10_2023_01_01.csv,2023-01-01,67.44370151678955,sunny
2023-01-01 12:11:00,768.96,3.3815,118.48,6.2688,699.9,PVDAQ_10,sunny,system_10_2023_01_01.csv,2023-01-01,75.48046897802736,sunny
2023-01-01 12:12:00,816.02,3.3763,118.67,6.5943,737.5299999999999,PVDAQ_10,sunny,system_10_2023_01_01.csv,2023-01-01,87.97469688712233,sunny
2023-01-01 12:13:00,825.5299999999999,3.39,118.56,6.6552,748.19,PVDAQ_10,sunny,system_10_2023_01_01.csv,2023-01-01,96.87530211565847,sunny
2023-01-01 12:14:00,901.49,3.455,118.7,7.1745,808.59,PVDAQ_10,sunny,system_10_2023_01_01.csv,2023-01-01,108.67466372268291,sunny
2023-01-01 12:15:00,831.0499999999998,3.5024,118.61,6.6478,746.46,PVDAQ_10,sunny,system_10_2023_01_01.csv,2023-01-01,108.81742834850064,sunny
2023-01-01 12:16:00,770.76,3.4661,118.67,6.1607,688.17,PVDAQ_10,sunny,system_10_2023_01_01.csv,2023-01-01,104.14706054878606,sunny
2023-01-01 12:17:00,753.37,3.3986,118.6,6.0393,671.92,PVDAQ_10,sunny,system_10_2023_01_01.csv,2023-01-01,95.06807789809484,sunny
2023-01-01 12:18:00,727.6599999999999,3.3716,118.67,5.8455,647.52,PVDAQ_10,sunny,system_10_2023_01_01.csv,2023-01-01,85.15195486389608,sunny
2023-01-01 12:19:00,681.69,3.4009,118.6,5.4762,606.64,PVDAQ_10,sunny,system_10_2023_01_01.csv,2023-01-01,83.70417398706759,sunny
2023-01-01 12:20:00,688.77,3.4794,118.5,5.571,614.8,PVDAQ_10,sunny,system_10_2023_01_01.csv,2023-01-01,80.31714880634829,sunny
2023-01-01 12:21:00,662.66,3.4598,118.42,5.3832,592.93,PVDAQ_10,sunny,system_10_2023_01_01.csv,2023-01-01,78.11688182887747,sunny
2023-01-01 12:22:00,633.26,3.5154,118.41,5.178,566.81,PVDAQ_10,sunny,system_10_2023_01_01.csv,2023-01-01,77.8863306791815,sunny
2023-01-01 12:23:00,628.17,3.5757,118.43,5.1344,561.06,PVDAQ_10,sunny,system_10_2023_01_01.csv,2023-01-01,79.04489139241218,sunny
2023-01-01 12:24:00,638.76,3.5933,118.38,5.1937,568.49,PVDAQ_10,sunny,system_10_2023_01_01.csv,2023-01-01,83.00282403686863,sunny
2023-01-01 12:26:00,607.91,3.4071,118.38,5.0205,546.2,PVDAQ_10,sunny,system_10_2023_01_01.csv,2023-01-01,94.54968186595083,sunny
2023-01-01 12:27:00,671.34,3.4138,118.53,5.5376,610.71,PVDAQ_10,sunny,system_10_2023_01_01.csv,2023-01-01,91.11381647357925,sunny
2023-01-01 12:28:00,708.33,3.4234,118.62,5.8038,639.43,PVDAQ_10,sunny,system_10_2023_01_01.csv,2023-01-01,85.1442928210701,sunny
2023-01-01 12:29:00,676.73,3.3092,118.58,5.5556,613.37,PVDAQ_10,sunny,system_10_2023_01_01.csv,2023-01-01,64.44825773994523,sunny
2023-01-01 12:30:00,655.74,3.349,118.48,5.3923,592.67,PVDAQ_10,sunny,system_10_2023_01_01.csv,2023-01-01,50.494307439647606,sunny
2023-01-01 12:31:00,624.56,3.3515,118.35,5.1421,562.33,PVDAQ_10,sunny,system_10_2023_01_01.csv,2023-01-01,44.08485214414987,sunny
2023-01-03 08:32:00,602.26,-5.5875,116.86,1.702,14.483,PVDAQ_10,sunny,system_10_2023_01_03.csv,2023-01-03,69.93585933519705,sunny
2023-01-03 08:33:00,639.71,-5.611,116.88,1.702,15.804,PVDAQ_10,sunny,system_10_2023_01_03.csv,2023-01-03,68.54941019509451,sunny
2023-01-03 08:34:00,648.1,-5.6757,116.75,1.7014,16.403,PVDAQ_10,sunny,system_10_2023_01_03.csv,2023-01-03,62.46208738106731,sunny
2023-01-03 08:35:00,663.15,-5.7444,116.78,1.6986,17.38,PVDAQ_10,sunny,system_10_2023_01_03.csv,2023-01-03,63.415634379935156,sunny
2023-01-03 08:36:00,676.37,-5.771,116.79,1.6995,17.89,PVDAQ_10,sunny,system_10_2023_01_03.csv,2023-01-03,68.27681659106271,sunny
2023-01-03 08:37:00,683.73,-5.7759,116.88,1.6992,18.379,PVDAQ_10,sunny,system_10_2023_01_03.csv,2023-01-03,74.50289839040843,sunny
2023-01-03 08:38:00,689.1,-5.7759,116.91,1.7008,19.078,PVDAQ_10,sunny,system_10_2023_01_03.csv,2023-01-03,79.8281015563776,sunny
2023-01-03 08:39:00,694.0,-5.7727,116.92,1.7039,19.522,PVDAQ_10,sunny,system_10_2023_01_03.csv,2023-01-03,79.12996391109712,sunny
2023-01-03 08:40:00,699.59,-5.7387,117.02,1.7075,19.666,PVDAQ_10,sunny,system_10_2023_01_03.csv,2023-01-03,74.67001711020433,sunny
2023-01-03 08:41:00,703.4,-5.6999,117.09,1.708,19.877,PVDAQ_10,sunny,system_10_2023_01_03.csv,2023-01-03,65.98127914867486,sunny
2023-01-03 08:42:00,708.45,-5.6409,117.1,1.708,20.52,PVDAQ_10,sunny,system_10_2023_01_03.csv,2023-01-03,62.40910573061726,sunny
2023-01-03 08:43:00,712.75,-5.5537,117.1,1.7119,21.086,PVDAQ_10,sunny,system_10_2023_01_03.csv,2023-01-03,61.94127924321427,sunny
2023-01-03 08:44:00,717.39,-5.4479,117.1,1.7127,21.575,PVDAQ_10,sunny,system_10_2023_01_03.csv,2023-01-03,60.49268541378839,sunny
2023-01-03 08:45:00,721.75,-5.3406,117.12,1.7166,22.074,PVDAQ_10,sunny,system_10_2023_01_03.csv,2023-01-03,48.121219287487236,sunny
2023-01-03 08:46:00,726.0,-5.2278,117.17,1.718,22.796,PVDAQ_10,sunny,system_10_2023_01_03.csv,2023-01-03,34.69704344479051,sunny
2023-01-03 08:47:00,730.1699999999998,-5.1118,117.18,1.7188,24.161,PVDAQ_10,sunny,system_10_2023_01_03.csv,2023-01-03,27.742103071996972,sunny
2023-01-03 08:48:00,735.46,-4.9935,117.22,1.7185,24.383,PVDAQ_10,sunny,system_10_2023_01_03.csv,2023-01-03,25.196849708609623,sunny
2023-01-03 08:49:00,739.96,-4.8721,117.22,1.7188,24.272,PVDAQ_10,sunny,system_10_2023_01_03.csv,2023-01-03,22.541587872412485,sunny
2023-01-03 08:50:00,743.34,-4.7629,117.23,1.7177,25.67,PVDAQ_10,sunny,system_10_2023_01_03.csv,2023-01-03,20.9125442418382,sunny
2023-01-03 08:51:00,747.37,-4.6755,117.21,1.7202,26.858,PVDAQ_10,sunny,system_10_2023_01_03.csv,2023-01-03,20.273725243237166,sunny
2023-01-03 08:52:00,751.02,-4.5985,117.22,1.7199,27.779,PVDAQ_10,sunny,system_10_2023_01_03.csv,2023-01-03,19.8669296882602,sunny
2023-01-03 08:53:00,756.69,-4.5294,117.23,1.7174,29.588,PVDAQ_10,sunny,system_10_2023_01_03.csv,2023-01-03,19.702296989611373,sunny
2023-01-03 08:54:00,762.1699999999998,-4.4815,117.27,1.7202,30.231,PVDAQ_10,sunny,system_10_2023_01_03.csv,2023-01-03,19.699825404113763,sunny
2023-01-03 08:55:00,764.65,-4.4719,117.19,1.726,31.952,PVDAQ_10,sunny,system_10_2023_01_03.csv,2023-01-03,19.601446326621563,sunny
2023-01-03 08:56:00,769.07,-4.4648,117.16,1.7188,34.205,PVDAQ_10,sunny,system_10_2023_01_03.csv,2023-01-03,19.443185536575907,sunny
2023-01-03 08:57:00,775.25,-4.4419,117.22,1.721,31.097,PVDAQ_10,sunny,system_10_2023_01_03.csv,2023-01-03,19.5754174558711,sunny
2023-01-03 08:58:00,781.2,-4.4074,117.3,1.7312,20.132,PVDAQ_10,sunny,system_10_2023_01_03.csv,2023-01-03,19.8623773813281,sunny
2023-01-03 08:59:00,787.1599999999999,-4.4018,117.28,1.7282,38.2,PVDAQ_10,sunny,system_10_2023_01_03.csv,2023-01-03,20.321251180082687,sunny
2023-01-03 09:00:00,792.32,-4.3857,117.34,1.7373,43.305,PVDAQ_10,sunny,system_10_2023_01_03.csv,2023-01-03,20.79496500415464,sunny
2023-01-03 09:01:00,796.19,-4.3609,117.35,1.7337,44.759,PVDAQ_10,sunny,system_10_2023_01_03.csv,2023-01-03,21.106062049522787,sunny
2023-01-03 09:02:00,802.0499999999998,-4.2829,117.24,1.7414,49.831,PVDAQ_10,sunny,system_10_2023_01_03.csv,2023-01-03,21.48681810741566,sunny
2023-01-03 09:03:00,807.47,-4.2402,117.41,1.8375,80.473,PVDAQ_10,sunny,system_10_2023_01_03.csv,2023-01-03,21.99266386342822,sunny
2023-01-03 09:04:00,812.21,-4.225,117.4,1.9913,119.72,PVDAQ_10,sunny,system_10_2023_01_03.csv,2023-01-03,22.445426451098015,sunny
2023-01-03 09:05:00,817.21,-4.3035,117.45,2.2201,164.25,PVDAQ_10,sunny,system_10_2023_01_03.csv,2023-01-03,22.741706766795073,sunny
2023-01-03 09:06:00,823.0299999999999,-4.4045,117.54,2.4269,200.69,PVDAQ_10,sunny,system_10_2023_01_03.csv,2023-01-03,23.0272966798359,sunny
2023-01-03 09:07:00,828.2899999999998,-4.4653,117.6,2.5279,218.32,PVDAQ_10,sunny,system_10_2023_01_03.csv,2023-01-03,23.16271967747689,sunny
2023-01-03 09:08:00,833.2899999999998,-4.4944,117.71,2.6894,240.87,PVDAQ_10,sunny,system_10_2023_01_03.csv,2023-01-03,23.344523208019464,sunny
2023-01-03 09:09:00,838.9199999999998,-4.4977,117.73,2.8244,261.64,PVDAQ_10,sunny,system_10_2023_01_03.csv,2023-01-03,23.628358708093387,sunny
2023-01-03 09:10:00,844.9199999999998,-4.4689,117.74,2.9114,274.44,PVDAQ_10,sunny,system_10_2023_01_03.csv,2023-01-03,23.682167150677348,sunny
2023-01-03 09:11:00,850.13,-4.4241,117.75,2.9868,282.93,PVDAQ_10,sunny,system_10_2023_01_03.csv,2023-01-03,23.59873134201553,sunny
2023-01-03 09:12:00,855.15,-4.3937,117.86,3.0961,300.65,PVDAQ_10,sunny,system_10_2023_01_03.csv,2023-01-03,23.57308224791396,sunny
2023-01-03 09:13:00,860.2799999999999,-4.4113,117.92,3.1646,308.96,PVDAQ_10,sunny,system_10_2023_01_03.csv,2023-01-03,23.605328958486243,sunny
2023-01-03 09:14:00,864.84,-4.3994,117.95,3.1588,308.6,PVDAQ_10,sunny,system_10_2023_01_03.csv,2023-01-03,23.645098253736002,sunny
2023-01-03 09:15:00,870.07,-4.3699,117.92,3.1615,307.98,PVDAQ_10,sunny,system_10_2023_01_03.csv,2023-01-03,23.68811898299743,sunny
2023-01-03 09:16:00,874.24,-4.341,117.93,3.1761,306.78,PVDAQ_10,sunny,system_10_2023_01_03.csv,2023-01-03,23.453965143502874,sunny
2023-01-03 09:17:00,878.7799999999999,-4.3386,117.89,3.2026,310.23,PVDAQ_10,sunny,system_10_2023_01_03.csv,2023-01-03,23.23106608463849,sunny
2023-01-03 09:18:00,883.87,-4.3057,117.93,3.2239,312.65,PVDAQ_10,sunny,system_10_2023_01_03.csv,2023-01-03,23.042689843817445,sunny
2023-01-03 09:19:00,888.34,-4.2185,117.97,3.2601,314.54,PVDAQ_10,sunny,system_10_2023_01_03.csv,2023-01-03,22.739093921729342,sunny
2023-01-03 09:20:00,893.4199999999998,-4.0789,117.96,3.2998,324.45,PVDAQ_10,sunny,system_10_2023_01_03.csv,2023-01-03,22.421840075721505,sunny
2023-01-03 09:21:00,898.9299999999998,-3.9599,118.03,3.3186,324.75,PVDAQ_10,sunny,system_10_2023_01_03.csv,2023-01-03,22.24674353912318,sunny
2023-01-03 09:22:00,904.21,-3.9303,118.01,3.3109,324.39,PVDAQ_10,sunny,system_10_2023_01_03.csv,2023-01-03,22.121586570163473,sunny
2023-01-03 09:23:00,908.7,-3.9461,118.05,3.3332,327.92,PVDAQ_10,sunny,system_10_2023_01_03.csv,2023-01-03,21.92314334866245,sunny
2023-01-03 09:24:00,913.09,-3.9621,118.06,3.3768,329.26,PVDAQ_10,sunny,system_10_2023_01_03.csv,2023-01-03,21.73204673376135,sunny
2023-01-03 09:25:00,915.24,-3.9621,117.97,3.4017,333.85,PVDAQ_10,sunny,system_10_2023_01_03.csv,2023-01-03,21.37581125166861,sunny
2023-01-03 09:26:00,920.9,-3.9206,117.88,3.4677,346.53,PVDAQ_10,sunny,system_10_2023_01_03.csv,2023-01-03,21.18657609589069,sunny
2023-01-03 09:27:00,925.56,-3.9277,117.87,3.5629,363.18,PVDAQ_10,sunny,system_10_2023_01_03.csv,2023-01-03,21.028683426857025,sunny
2023-01-03 09:28:00,931.88,-3.9972,117.91,3.6913,380.09,PVDAQ_10,sunny,system_10_2023_01_03.csv,2023-01-03,21.10846553265221,sunny
2023-01-03 09:29:00,936.7,-4.071,117.9,3.781,389.58,PVDAQ_10,sunny,system_10_2023_01_03.csv,2023-01-03,21.165936537846004,sunny
2023-01-03 09:30:00,943.13,-4.1046,117.96,3.8288,397.6,PVDAQ_10,sunny,system_10_2023_01_03.csv,2023-01-03,21.46851597329353,sunny
2023-01-03 09:31:00,946.92,-4.1046,117.95,3.8754,402.77,PVDAQ_10,sunny,system_10_2023_01_03.csv,2023-01-03,21.55491222326616,sunny
2023-01-03 09:32:00,950.86,-4.1741,117.92,3.9132,409.43,PVDAQ_10,sunny,system_10_2023_01_03.csv,2023-01-03,21.50054318251497,sunny
2023-01-03 09:33:00,954.68,-4.2477,118.02,3.9486,411.11,PVDAQ_10,sunny,system_10_2023_01_03.csv,2023-01-03,21.374238655343458,sunny
2023-01-03 09:34:00,958.93,-4.2757,118.05,3.974,418.19,PVDAQ_10,sunny,system_10_2023_01_03.csv,2023-01-03,21.163565614616,sunny
2023-01-03 09:35:00,952.03,-4.306,117.94,3.9847,417.05,PVDAQ_10,sunny,system_10_2023_01_03.csv,2023-01-03,19.919272720524663,sunny
2023-01-03 09:36:00,961.08,-4.2988,118.02,4.0143,424.99,PVDAQ_10,sunny,system_10_2023_01_03.csv,2023-01-03,19.27349418490575,sunny
2023-01-03 09:37:00,975.85,-4.2732,118.0,4.1043,432.87,PVDAQ_10,sunny,system_10_2023_01_03.csv,2023-01-03,19.981247518143537,sunny
2023-01-03 09:38:00,972.06,-4.2051,118.03,4.0987,430.51,PVDAQ_10,sunny,system_10_2023_01_03.csv,2023-01-03,19.653458607544536,sunny
2023-01-03 09:39:00,963.69,-4.154,118.02,4.095,431.66,PVDAQ_10,sunny,system_10_2023_01_03.csv,2023-01-03,18.276740279340622,sunny
2023-01-03 09:40:00,989.72,-4.0996,118.09,4.195,443.15,PVDAQ_10,sunny,system_10_2023_01_03.csv,2023-01-03,19.045518332978318,sunny
2023-01-03 09:41:00,643.46,-4.0645,117.77,2.9966,281.7,PVDAQ_10,sunny,system_10_2023_01_03.csv,2023-01-03,82.08185557287354,sunny
2023-01-03 09:42:00,907.52,-4.0621,118.0,3.9149,408.88,PVDAQ_10,sunny,system_10_2023_01_03.csv,2023-01-03,82.34248881233721,sunny
2023-01-03 09:43:00,976.9,-4.1292,118.06,4.2018,445.22,PVDAQ_10,sunny,system_10_2023_01_03.csv,2023-01-03,83.13233399369017,sunny
2023-01-03 09:44:00,999.1400000000002,-4.1492,118.09,4.3251,460.62,PVDAQ_10,sunny,system_10_2023_01_03.csv,2023-01-03,84.74074200311478,sunny
2023-01-03 09:45:00,1013.4,-4.1132,118.05,4.4065,470.0,PVDAQ_10,sunny,system_10_2023_01_03.csv,2023-01-03,86.85794517486798,sunny
2023-01-03 09:46:00,1025.4,-4.0405,117.87,4.4802,478.85,PVDAQ_10,sunny,system_10_2023_01_03.csv,2023-01-03,89.34754287132486,sunny
2023-01-03 09:47:00,1030.0,-3.9551,117.86,4.5199,484.49,PVDAQ_10,sunny,system_10_2023_01_03.csv,2023-01-03,91.72910433912199,sunny
2023-01-03 09:48:00,1050.4,-3.8761,117.92,4.6237,497.61,PVDAQ_10,sunny,system_10_2023_01_03.csv,2023-01-03,94.98269991851105,sunny
2023-01-03 09:49:00,1055.6,-3.8124,117.92,4.6388,499.67,PVDAQ_10,sunny,system_10_2023_01_03.csv,2023-01-03,98.0403787076695,sunny
2023-01-03 09:50:00,720.8099999999998,-3.6841,117.57,3.3497,333.44,PVDAQ_10,sunny,system_10_2023_01_03.csv,2023-01-03,117.02712993555284,sunny
2023-01-03 09:51:00,765.2799999999999,-3.598,117.63,3.6194,367.43,PVDAQ_10,sunny,system_10_2023_01_03.csv,2023-01-03,126.51715689412168,sunny
2023-01-03 09:52:00,654.85,-3.6011,117.46,3.22,314.65,PVDAQ_10,sunny,system_10_2023_01_03.csv,2023-01-03,145.5990624577362,sunny
2023-01-03 09:53:00,601.85,-3.542,117.48,3.0038,285.84,PVDAQ_10,sunny,system_10_2023_01_03.csv,2023-01-03,165.74316567968683,sunny
2023-01-03 09:54:00,879.69,-3.4855,117.94,4.2247,447.4,PVDAQ_10,sunny,system_10_2023_01_03.csv,2023-01-03,164.6066006256253,sunny
2023-01-03 09:55:00,1031.4,-3.4187,118.04,4.7988,521.19,PVDAQ_10,sunny,system_10_2023_01_03.csv,2023-01-03,166.79086160304473,sunny
2023-01-03 09:56:00,989.65,-3.3678,118.07,4.5806,491.29,PVDAQ_10,sunny,system_10_2023_01_03.csv,2023-01-03,153.6145206337088,sunny
2023-01-03 09:57:00,790.46,-3.371,117.84,3.9499,410.81,PVDAQ_10,sunny,system_10_2023_01_03.csv,2023-01-03,156.87663883568288,sunny
2023-01-03 09:58:00,748.13,-3.3074,117.89,3.9176,405.91,PVDAQ_10,sunny,system_10_2023_01_03.csv,2023-01-03,160.53332941880333,sunny
2023-01-03 09:59:00,949.52,-3.227,118.12,4.6131,496.74,PVDAQ_10,sunny,system_10_2023_01_03.csv,2023-01-03,158.63262562105209,sunny
2023-01-03 10:00:00,803.14,-3.2143,117.99,4.1831,440.88,PVDAQ_10,sunny,system_10_2023_01_03.csv,2023-01-03,155.9416016548084,sunny
2023-01-03 10:01:00,1029.1,-3.1911,118.24,5.1572,564.06,PVDAQ_10,sunny,system_10_2023_01_03.csv,2023-01-03,156.2024599617289,sunny
2023-01-03 10:02:00,796.48,-3.125,118.0,4.2543,449.3,PVDAQ_10,sunny,system_10_2023_01_03.csv,2023-01-03,151.0231140524373,sunny
2023-01-03 10:03:00,799.83,-2.9104,118.03,4.4127,469.36,PVDAQ_10,sunny,system_10_2023_01_03.csv,2023-01-03,141.76701820072265,sunny
2023-01-03 10:04:00,875.52,-2.7327,118.14,4.76,511.81,PVDAQ_10,sunny,system_10_2023_01_03.csv,2023-01-03,129.38479229838194,sunny
2023-01-03 10:05:00,849.72,-2.5954,118.1,4.681,502.04,PVDAQ_10,sunny,system_10_2023_01_03.csv,2023-01-03,125.91667567237138,sunny
2023-01-03 10:06:00,926.15,-2.5192,117.99,5.0515,545.01,PVDAQ_10,sunny,system_10_2023_01_03.csv,2023-01-03,126.16385982409746,sunny
2023-01-03 10:07:00,987.92,-2.5222,117.87,5.182,562.45,PVDAQ_10,sunny,system_10_2023_01_03.csv,2023-01-03,118.76556790986454,sunny
2023-01-03 10:08:00,1063.8,-2.5816,118.08,5.621,615.53,PVDAQ_10,sunny,system_10_2023_01_03.csv,2023-01-03,102.94724727234188,sunny
2023-01-03 10:09:00,1101.5,-2.5896,118.07,5.7264,629.13,PVDAQ_10,sunny,system_10_2023_01_03.csv,2023-01-03,114.85304249136877,sunny
2023-01-03 10:10:00,861.3099999999998,-2.5398,117.86,4.8161,512.53,PVDAQ_10,sunny,system_10_2023_01_03.csv,2023-01-03,110.99383592065499,sunny
2023-01-03 10:11:00,859.38,-2.4874,117.96,4.9697,531.19,PVDAQ_10,sunny,system_10_2023_01_03.csv,2023-01-03,108.95967140360356,sunny
2023-01-03 10:12:00,797.2799999999999,-2.497,117.91,4.6981,497.29,PVDAQ_10,sunny,system_10_2023_01_03.csv,2023-01-03,108.50049492097054,sunny
2023-01-03 10:13:00,647.41,-2.4503,117.67,4.14,429.89,PVDAQ_10,sunny,system_10_2023_01_03.csv,2023-01-03,120.7672090941132,sunny
2023-01-03 10:14:00,638.37,-2.3614,117.7,4.1971,437.61,PVDAQ_10,sunny,system_10_2023_01_03.csv,2023-01-03,135.60086316974986,sunny
2023-01-03 10:15:00,714.66,-2.3733,117.81,4.6428,493.22,PVDAQ_10,sunny,system_10_2023_01_03.csv,2023-01-03,140.51187854548527,sunny
2023-01-03 10:16:00,839.8099999999998,-2.3821,117.95,5.3259,579.87,PVDAQ_10,sunny,system_10_2023_01_03.csv,2023-01-03,132.84164936745893,sunny
2023-01-03 10:17:00,1113.2,-2.4091,118.33,6.6357,742.35,PVDAQ_10,sunny,system_10_2023_01_03.csv,2023-01-03,147.9365427568774,sunny
2023-01-03 10:18:00,1293.9,-2.3535,118.82,7.476099999999998,847.2799999999999,PVDAQ_10,sunny,system_10_2023_01_03.csv,2023-01-03,181.89149819918248,sunny
2023-01-03 10:19:00,1090.9,-2.2971,118.57,6.6072,739.61,PVDAQ_10,sunny,system_10_2023_01_03.csv,2023-01-03,187.8308521921744,sunny
2023-01-03 10:20:00,1173.0,-2.3193,118.47,7.1189,802.01,PVDAQ_10,sunny,system_10_2023_01_03.csv,2023-01-03,197.60378742996573,sunny
2023-01-03 10:21:00,1049.7,-2.2892,118.3,6.5418,732.21,PVDAQ_10,sunny,system_10_2023_01_03.csv,2023-01-03,199.52527886628076,sunny
2023-01-03 10:22:00,804.37,-2.1671,117.99,5.3651,588.19,PVDAQ_10,sunny,system_10_2023_01_03.csv,2023-01-03,202.56070576731508,sunny
2023-01-03 10:23:00,718.4,-2.156,117.87,5.0145,543.02,PVDAQ_10,sunny,system_10_2023_01_03.csv,2023-01-03,206.65548638806104,sunny
2023-01-03 10:24:00,751.07,-2.103,117.92,5.2806,570.93,PVDAQ_10,sunny,system_10_2023_01_03.csv,2023-01-03,203.67618900738432,sunny
2023-01-03 10:25:00,928.56,-2.0516,118.17,6.2841,692.54,PVDAQ_10,sunny,system_10_2023_01_03.csv,2023-01-03,203.73536141863366,sunny
2023-01-03 10:26:00,1022.9,-2.0579,118.43,6.724,747.65,PVDAQ_10,sunny,system_10_2023_01_03.csv,2023-01-03,206.0737038352572,sunny
2023-01-03 10:27:00,1010.2,-2.0298,118.57,6.6961,742.9199999999998,PVDAQ_10,sunny,system_10_2023_01_03.csv,2023-01-03,205.41389435780255,sunny
2023-01-03 10:28:00,1103.3,-2.0309,118.6,7.1631,802.77,PVDAQ_10,sunny,system_10_2023_01_03.csv,2023-01-03,195.73703368112572,sunny
2023-01-03 10:29:00,1168.2,-1.9636,118.76,7.5056,846.6599999999999,PVDAQ_10,sunny,system_10_2023_01_03.csv,2023-01-03,182.83478682757888,sunny
2023-01-03 10:30:00,1271.1,-1.9328,118.77,8.031499999999998,909.22,PVDAQ_10,sunny,system_10_2023_01_03.csv,2023-01-03,180.39553157278908,sunny
2023-01-03 10:31:00,1280.7,-1.7975,118.7,8.183199999999998,926.61,PVDAQ_10,sunny,system_10_2023_01_03.csv,2023-01-03,184.36436918181926,sunny
2023-01-03 10:32:00,1310.9,-1.7366,118.76,8.476499999999998,962.13,PVDAQ_10,sunny,system_10_2023_01_03.csv,2023-01-03,195.76851358051545,sunny
2023-01-03 10:33:00,1325.5,-1.7191,118.78,8.5813,975.56,PVDAQ_10,sunny,system_10_2023_01_03.csv,2023-01-03,198.5561368503956,sunny
2023-01-03 10:34:00,1305.8,-1.5735,118.93,8.490999999999998,968.05,PVDAQ_10,sunny,system_10_2023_01_03.csv,2023-01-03,207.91655252597465,sunny
2023-01-03 10:35:00,1312.0,-1.5071,119.15,8.579499999999998,979.31,PVDAQ_10,sunny,system_10_2023_01_03.csv,2023-01-03,215.25031819013196,sunny
2023-01-03 10:36:00,1288.0,-1.4014,119.18,8.441,961.77,PVDAQ_10,sunny,system_10_2023_01_03.csv,2023-01-03,220.72095970338123,sunny
2023-01-03 10:37:00,1173.7,-1.4832,118.94,7.8589,890.6699999999998,PVDAQ_10,sunny,system_10_2023_01_03.csv,2023-01-03,204.59292240470091,sunny
2023-01-03 10:38:00,1071.8,-1.5306,118.86,7.3898,836.6599999999999,PVDAQ_10,sunny,system_10_2023_01_03.csv,2023-01-03,171.27761945644684,sunny
2023-01-03 10:39:00,1066.3,-1.4928,118.76,7.3768,833.86,PVDAQ_10,sunny,system_10_2023_01_03.csv,2023-01-03,133.32058074252674,sunny
2023-01-03 10:40:00,1083.6,-1.5652,118.6,7.4226,837.35,PVDAQ_10,sunny,system_10_2023_01_03.csv,2023-01-03,117.88962553814734,sunny
2023-01-03 10:41:00,1096.5,-1.6594,118.61,7.558,852.0,PVDAQ_10,sunny,system_10_2023_01_03.csv,2023-01-03,111.98843987960302,sunny
2023-01-03 10:42:00,1164.4,-1.7353,118.76,8.0663,911.7,PVDAQ_10,sunny,system_10_2023_01_03.csv,2023-01-03,100.69758024236467,sunny
2023-01-03 10:43:00,1168.2,-1.8016,118.81,8.013,906.6400000000002,PVDAQ_10,sunny,system_10_2023_01_03.csv,2023-01-03,97.52323679147713,sunny
2023-01-03 10:44:00,1171.6,-1.7462,118.89,8.0508,909.97,PVDAQ_10,sunny,system_10_2023_01_03.csv,2023-01-03,97.43356320127084,sunny
2023-01-03 10:45:00,1213.1,-1.6437,118.83,8.3281,940.48,PVDAQ_10,sunny,system_10_2023_01_03.csv,2023-01-03,95.8030330566728,sunny
2023-01-03 10:46:00,1238.5,-1.6731,118.93,8.4688,962.06,PVDAQ_10,sunny,system_10_2023_01_03.csv,2023-01-03,93.93263138066577,sunny
2023-01-03 10:47:00,1257.1,-1.8361,118.96,8.5905,976.88,PVDAQ_10,sunny,system_10_2023_01_03.csv,2023-01-03,90.32597158546338,sunny
2023-01-03 10:48:00,1276.7,-1.7587,119.01,8.729,995.46,PVDAQ_10,sunny,system_10_2023_01_03.csv,2023-01-03,86.09838115839362,sunny
2023-01-03 10:49:00,1303.5,-1.6106,119.0,8.8313,1014.1,PVDAQ_10,sunny,system_10_2023_01_03.csv,2023-01-03,85.88394716682026,sunny
2023-01-03 10:50:00,1310.7,-1.651,119.09,8.833199999999998,1017.6,PVDAQ_10,sunny,system_10_2023_01_03.csv,2023-01-03,85.75512368422095,sunny
2023-01-03 10:51:00,1308.3,-1.6798,119.13,8.8396,1015.0,PVDAQ_10,sunny,system_10_2023_01_03.csv,2023-01-03,87.51627603725701,sunny
2023-01-03 10:52:00,1302.0,-1.6172,119.29,8.7755,1008.9,PVDAQ_10,sunny,system_10_2023_01_03.csv,2023-01-03,91.60650995790348,sunny
2023-01-03 10:53:00,1273.0,-1.5452,119.19,8.5816,982.99,PVDAQ_10,sunny,system_10_2023_01_03.csv,2023-01-03,85.69590477519282,sunny
2023-01-03 10:54:00,1215.2,-1.5565,119.21,8.2642,943.51,PVDAQ_10,sunny,system_10_2023_01_03.csv,2023-01-03,75.14488355044774,sunny
2023-01-03 10:55:00,1213.5,-1.4458,119.25,8.2849,945.44,PVDAQ_10,sunny,system_10_2023_01_03.csv,2023-01-03,64.33158374132805,sunny
2023-01-03 10:56:00,1302.6,-1.4822,119.36,8.7209,997.49,PVDAQ_10,sunny,system_10_2023_01_03.csv,2023-01-03,54.01350977390828,sunny
2023-01-03 10:57:00,1312.2,-1.6645,119.22,8.7672,1001.3,PVDAQ_10,sunny,system_10_2023_01_03.csv,2023-01-03,51.0967690712893,sunny
2023-01-03 10:58:00,1227.4,-1.5553,118.96,8.264699999999998,940.65,PVDAQ_10,sunny,system_10_2023_01_03.csv,2023-01-03,45.68603204274131,sunny
2023-01-03 10:59:00,1165.2,-1.492,118.91,7.9485,902.68,PVDAQ_10,sunny,system_10_2023_01_03.csv,2023-01-03,46.60810270860741,sunny
2023-01-03 11:00:00,1250.7,-1.5462,119.0,8.401799999999998,958.92,PVDAQ_10,sunny,system_10_2023_01_03.csv,2023-01-03,44.80895106157872,sunny
2023-01-03 11:01:00,1283.8,-1.7393,119.13,8.6011,984.1,PVDAQ_10,sunny,system_10_2023_01_03.csv,2023-01-03,44.509476786527024,sunny
2023-01-03 11:02:00,1275.7,-1.8001,119.13,8.577099999999998,980.77,PVDAQ_10,sunny,system_10_2023_01_03.csv,2023-01-03,44.47921933197364,sunny
2023-01-03 11:03:00,1283.6,-1.8067,119.11,8.6322,985.45,PVDAQ_10,sunny,system_10_2023_01_03.csv,2023-01-03,44.610736482652634,sunny
2023-01-03 11:04:00,1280.0,-1.7885,119.13,8.626699999999998,985.68,PVDAQ_10,sunny,system_10_2023_01_03.csv,2023-01-03,43.69682019597031,sunny
2023-01-03 11:05:00,1301.8,-1.7473,119.12,8.7307,996.04,PVDAQ_10,sunny,system_10_2023_01_03.csv,2023-01-03,43.116564047230824,sunny
2023-01-03 11:06:00,1315.7,-1.7107,119.16,8.7804,1005.1,PVDAQ_10,sunny,system_10_2023_01_03.csv,2023-01-03,43.669823949844215,sunny
2023-01-03 11:07:00,724.51,-1.6458,118.13,5.2319,564.33,PVDAQ_10,sunny,system_10_2023_01_03.csv,2023-01-03,145.7336055208134,sunny
2023-01-01 11:04:00,632.1086,3.691564,118.6673,4.570426,524.4922,PVDAQ_4,sunny,system_4_2023_01_01.csv,2023-01-01,74.19676512061734,sunny
2023-01-01 11:05:00,633.0546,3.804498,118.9717,4.543739,524.9481,PVDAQ_4,sunny,system_4_2023_01_01.csv,2023-01-01,90.06953129254384,sunny
2023-01-01 11:06:00,673.3043,3.906501,118.9775,4.887752,563.3536,PVDAQ_4,sunny,system_4_2023_01_01.csv,2023-01-01,106.18498770186848,sunny
2023-01-01 11:07:00,682.2534,4.030088,119.0065,4.920443,567.9819,PVDAQ_4,sunny,system_4_2023_01_01.csv,2023-01-01,118.21665226712014,sunny
2023-01-01 11:08:00,665.8273,4.251094,118.7481,4.798804,553.4891,PVDAQ_4,sunny,system_4_2023_01_01.csv,2023-01-01,124.11725101630105,sunny
2023-01-01 11:09:00,676.7326,4.509517,118.81,4.854956,560.0804,PVDAQ_4,sunny,system_4_2023_01_01.csv,2023-01-01,128.05802044688392,sunny
2023-01-01 11:10:00,634.1041,4.7014,118.5812,4.569723,525.9252,PVDAQ_4,sunny,system_4_2023_01_01.csv,2023-01-01,125.86079089136635,sunny
2023-01-01 11:11:00,629.7735,4.905532,118.4947,4.542118,521.773,PVDAQ_4,sunny,system_4_2023_01_01.csv,2023-01-01,120.18873058219988,sunny
2023-01-01 11:12:00,608.6071,4.90322,118.419,4.391338,503.4854,PVDAQ_4,sunny,system_4_2023_01_01.csv,2023-01-01,111.32488230557213,sunny
2023-01-01 11:13:00,604.8104,4.815623,118.6263,4.343729,498.4408,PVDAQ_4,sunny,system_4_2023_01_01.csv,2023-01-01,99.81404896616966,sunny
2023-01-01 11:14:00,609.9666,4.710653,118.7053,4.400588,506.0805,PVDAQ_4,sunny,system_4_2023_01_01.csv,2023-01-01,86.02091153846456,sunny
2023-01-01 11:47:00,601.4372,2.611413,119.114,4.417663,510.2345,PVDAQ_4,sunny,system_4_2023_01_01.csv,2023-01-01,56.989312520699976,sunny
2023-01-01 12:04:00,648.3211,2.715183,118.9561,4.792686,551.814,PVDAQ_4,sunny,system_4_2023_01_01.csv,2023-01-01,34.71722256310744,sunny
2023-01-01 12:05:00,644.5858,2.846676,119.0,4.669655,540.838,PVDAQ_4,sunny,system_4_2023_01_01.csv,2023-01-01,42.50444058359707,sunny
2023-01-01 12:06:00,631.6649,2.749388,118.8733,4.637781,533.8356,PVDAQ_4,sunny,system_4_2023_01_01.csv,2023-01-01,46.583820559944535,sunny
2023-01-01 12:07:00,633.8552,2.601307,118.8079,4.599249,529.9756,PVDAQ_4,sunny,system_4_2023_01_01.csv,2023-01-01,50.03845796780685,sunny
2023-01-01 12:08:00,631.2457,2.635165,118.6344,4.644774,533.1799,PVDAQ_4,sunny,system_4_2023_01_01.csv,2023-01-01,50.75866155762674,sunny
2023-01-01 12:09:00,690.7949,2.721786,118.8871,5.057985,583.7581,PVDAQ_4,sunny,system_4_2023_01_01.csv,2023-01-01,54.08543954949508,sunny
2023-01-01 12:10:00,763.025,2.704448,119.1187,5.471343,633.9961,PVDAQ_4,sunny,system_4_2023_01_01.csv,2023-01-01,66.67524308582827,sunny
2023-01-01 12:11:00,760.7186,2.643659,119.1044,5.509384,637.9797,PVDAQ_4,sunny,system_4_2023_01_01.csv,2023-01-01,74.15377199431902,sunny
2023-01-01 12:12:00,810.0213,2.686909,119.267,5.845803,678.2754,PVDAQ_4,sunny,system_4_2023_01_01.csv,2023-01-01,86.43875881950423,sunny
2023-01-01 12:13:00,821.0393,2.746836,119.3268,5.905443,685.7425,PVDAQ_4,sunny,system_4_2023_01_01.csv,2023-01-01,95.7794806162178,sunny
2023-01-01 12:14:00,897.2395,2.815416,119.4433,6.402017,744.2104,PVDAQ_4,sunny,system_4_2023_01_01.csv,2023-01-01,107.86653870854173,sunny
2023-01-01 12:15:00,831.404,2.897928,119.2952,5.946924,689.7438,PVDAQ_4,sunny,system_4_2023_01_01.csv,2023-01-01,108.34204583800293,sunny
2023-01-01 12:16:00,775.7627,2.785408,119.3675,5.534922,643.5914,PVDAQ_4,sunny,system_4_2023_01_01.csv,2023-01-01,104.29243449214988,sunny
2023-01-01 12:17:00,754.6060999999999,2.716743,119.3446,5.403997,628.043,PVDAQ_4,sunny,system_4_2023_01_01.csv,2023-01-01,95.60267599060315,sunny
2023-01-01 12:18:00,723.6748,2.693363,119.2598,5.149632,596.6291,PVDAQ_4,sunny,system_4_2023_01_01.csv,2023-01-01,85.18029635931558,sunny
2023-01-01 12:19:00,679.7059,2.623724,119.1723,4.8556,561.3663,PVDAQ_4,sunny,system_4_2023_01_01.csv,2023-01-01,83.27560251684922,sunny
2023-01-01 12:20:00,685.6904,2.649921,119.1748,4.941951,573.1616,PVDAQ_4,sunny,system_4_2023_01_01.csv,2023-01-01,80.66607320036206,sunny
2023-01-01 12:21:00,661.3441,2.597265,119.0774,4.813046,556.4284,PVDAQ_4,sunny,system_4_2023_01_01.csv,2023-01-01,78.16079872921122,sunny
2023-01-01 12:22:00,631.124,2.572562,118.9862,4.613776,532.4606,PVDAQ_4,sunny,system_4_2023_01_01.csv,2023-01-01,78.43179182043635,sunny
2023-01-01 12:23:00,622.9523,2.642987,118.9788,4.567776,525.8326,PVDAQ_4,sunny,system_4_2023_01_01.csv,2023-01-01,79.28653330624779,sunny
2023-01-01 12:24:00,636.2844,2.720281,119.0167,4.638888,535.0594,PVDAQ_4,sunny,system_4_2023_01_01.csv,2023-01-01,82.89960038655693,sunny
2023-01-01 12:27:00,659.2087,2.535301,119.0913,4.812525,555.8894,PVDAQ_4,sunny,system_4_2023_01_01.csv,2023-01-01,92.40288239214607,sunny
2023-01-01 12:28:00,703.4712,2.509282,119.2603,5.133111,595.0955,PVDAQ_4,sunny,system_4_2023_01_01.csv,2023-01-01,86.65729909392296,sunny
2023-01-01 12:29:00,671.9456,2.692618,119.1945,4.918804,568.5866,PVDAQ_4,sunny,system_4_2023_01_01.csv,2023-01-01,66.71768743444329,sunny
2023-01-01 12:30:00,651.7983,2.645828,119.1481,4.782865,551.4031,PVDAQ_4,sunny,system_4_2023_01_01.csv,2023-01-01,52.63058662429107,sunny
2023-01-01 12:31:00,622.8807,2.435614,119.0141,4.570276,526.5886,PVDAQ_4,sunny,system_4_2023_01_01.csv,2023-01-01,44.946706717049025,sunny
