measured_on,das_battery_voltage__351,das_temp__350,dc_pos_current__348,dc_pos_voltage__347,dc_power__346,module_temp_1__349,poa_irradiance__345,system_id
2020-01-01 00:00:00,12.16701,0.9689941,0.0003139999999999,-0.5344288,-0.0001678107,-6.261837,0.0,2
2020-01-01 00:05:00,12.16701,0.9950128,0.0003139999999999,-0.5703314,-0.000179084,-5.972609,0.0,2
2020-01-01 00:10:00,12.16701,1.024459,0.0003139999999999,-0.5247237999999999,-0.0001647633,-5.969826,0.0,2
2020-01-01 00:15:00,12.16701,1.059176,0.0003139999999999,-0.5591934,-0.0001755867,-6.069112,0.0,2
2020-01-01 00:20:00,12.16701,1.095324,0.0003139999999999,-0.5329791999999999,-0.0001673555,-6.137568,0.0,2
2020-01-01 00:25:00,12.16701,1.13471,0.0003139999999999,-0.5678090999999998,-0.0001782920999999,-5.962633,0.0,2
2020-01-01 00:30:00,12.16701,1.18705,0.0003139999999999,-0.5570361999999999,-0.0001749094,-5.901879,0.0,2
2020-01-01 00:35:00,12.16701,1.238032,0.0003139999999999,-0.5559587,-0.0001745709999999,-5.738705,0.0,2
2020-01-01 00:40:00,12.16701,1.298807,0.0003139999999999,-0.5434250999999999,-0.0001706354999999,-5.520256,0.0,2
2020-01-01 00:45:00,12.16701,1.373401,0.0003139999999999,-0.5437834,-0.000170748,-5.198481,0.0,2
2020-01-01 00:50:00,12.16701,1.437035,0.0003139999999999,-0.5164923999999999,-0.0001621786,-4.919606,0.0,2
2020-01-01 00:55:00,12.16701,1.50067,0.0003139999999999,-0.5333575999999999,-0.0001674743,-4.943772,0.0,2
2020-01-01 01:00:00,12.16701,1.557039,0.0003139999999999,-0.5283219,-0.0001658931,-5.118437,0.0,2
2020-01-01 01:05:00,12.16701,1.60599,0.0003139999999999,-0.5505799999999998,-0.0001728821,-4.675422,0.0,2
2020-01-01 01:10:00,12.16701,1.718274,0.0003139999999999,-0.5383679999999998,-0.0001690475,-2.749094,0.0722396099999999,2
2020-01-01 01:15:00,12.16701,1.991945,0.0003139999999999,-0.5354934999999998,-0.000168145,-1.858446,0.1869738,2
2020-01-01 01:20:00,12.16665,2.242307,0.0003139999999999,-0.5031752,-0.000157997,-2.467507,0.0,2
2020-01-01 01:25:00,12.16637,2.36378,0.0003139999999999,-0.5362099,-0.0001683699,-3.51692,0.0,2
2020-01-01 01:30:00,12.16656,2.419359,0.0003139999999999,-0.5175256,-0.000162503,-4.304629,0.0,2
2020-01-01 01:35:00,12.16646,2.436152,0.0003139999999999,-0.5031402,-0.0001579859999999,-4.778163,0.0,2
2020-01-01 01:40:00,12.16683,2.417853,0.0003139999999999,-0.5059892,-0.0001588806,-5.257851,0.0,2
2020-01-01 01:45:00,12.16692,2.417175,0.0003139999999999,-0.498068,-0.0001563933,-5.630507,0.0,2
2020-01-01 01:50:00,12.16656,2.417175,0.0003139999999999,-0.5357866,-0.000168237,-5.836459,0.0,2
2020-01-01 01:55:00,12.16692,2.417175,0.0003139999999999,-0.5070708999999999,-0.0001592203,-6.010854,0.0,2
2020-01-01 02:00:00,12.16683,2.417175,0.0003139999999999,-0.5178523,-0.0001626056,-5.931191,0.0,2
2020-01-01 02:05:00,12.16701,2.435813,0.0003139999999999,-0.519977,-0.0001632728,-5.679772,0.0,2
2020-01-01 02:10:00,12.16701,2.437508,0.0003139999999999,-0.5256973,-0.000165069,-5.391943,0.0,2
2020-01-01 02:15:00,12.16674,2.438637,0.0003139999999999,-0.5145606,-0.0001615721,-5.153505,0.0042493269999999,2
2020-01-01 02:20:00,12.16701,2.459722,0.0003139999999999,-0.4983812,-0.0001564917,-5.442506,0.0,2
2020-01-01 02:25:00,12.16683,2.454827,0.0003139999999999,-0.5242430999999999,-0.0001646123,-5.611882,0.0,2
2020-01-01 02:30:00,12.16692,2.426664,0.0003139999999999,-0.5296435999999999,-0.0001663081,-5.797677,0.0,2
2020-01-01 02:35:00,12.16692,2.404033,0.0003139999999999,-0.5289222999999998,-0.0001660816,-6.134735,0.0,2
2020-01-01 02:40:00,12.16701,2.355571,0.0003139999999999,-0.5088133999999999,-0.0001597674,-6.34941,0.0,2
2020-01-01 02:45:00,12.16692,2.315394,0.0003139999999999,-0.5167285,-0.0001622527,-6.469163,0.0,2
2020-01-01 02:50:00,12.16692,2.27164,0.0003139999999999,-0.5382858999999999,-0.0001690218,-6.457333,0.0,2
2020-01-01 02:55:00,12.16701,2.215837,0.0003139999999999,-0.4973443,-0.0001561660999999,-6.68925,0.0,2
2020-01-01 03:00:00,12.16701,2.17035,0.0003139999999999,-0.5206984,-0.0001634992999999,-6.704775,0.0,2
2020-01-01 03:05:00,12.16701,2.147569,0.0003139999999999,-0.5074172999999998,-0.0001593289999999,-6.601033,0.0,2
2020-01-01 03:10:00,12.16692,2.126409,0.0003139999999999,-0.517486,-0.0001624906,-6.328973,0.0,2
2020-01-01 03:15:00,12.16701,2.113682,0.0003139999999999,-0.5160603,-0.0001620429,-6.237164,0.0,2
2020-01-01 03:20:00,12.16692,2.094326,0.0003139999999999,-0.5419139,-0.000170161,-6.241235,0.0,2
2020-01-01 03:25:00,12.16701,2.070002,0.0003139999999999,-0.5175138,-0.0001624993,-6.020782,0.0,2
2020-01-01 03:30:00,12.16701,2.050044,0.0003139999999999,-0.5171291,-0.0001623785,-6.220323,0.0,2
2020-01-01 03:35:00,12.16692,2.028205,0.0003139999999999,-0.5332959999999999,-0.000167455,-6.368932,0.0,2
2020-01-01 03:40:00,12.16701,2.023311,0.0003139999999999,-0.5286444,-0.0001659943,-6.427117,0.0,2
2020-01-01 03:45:00,12.16701,2.040216,0.0003139999999999,-0.5365396,-0.0001684734,-6.281734,0.0,2
2020-01-01 03:50:00,12.16701,2.071018,0.0003139999999999,-0.5304455,-0.0001665599,-6.17832,0.0,2
2020-01-01 03:55:00,12.16692,2.106527,0.0003139999999999,-0.526503,-0.000165322,-6.168478,0.0,2
2020-01-01 04:00:00,12.16701,2.131906,0.0003139999999999,-0.5214804,-0.0001637448999999,-6.197336,0.0,2
2020-01-01 04:05:00,12.16683,2.170011,0.0003139999999999,-0.5218422,-0.0001638585,-6.102562,0.0,2
2020-01-01 04:10:00,12.16701,2.210565,0.0003139999999999,-0.5322508999999999,-0.0001671268,-5.851432,0.0,2
2020-01-01 04:15:00,12.16683,2.249764,0.0003139999999999,-0.5088831999999999,-0.0001597892999999,-5.77334,0.0,2
2020-01-01 04:20:00,12.16683,2.282747,0.0003139999999999,-0.5458733,-0.0001714041999999,-5.744936,0.0,2
2020-01-01 04:25:00,12.16701,2.319084,0.0003139999999999,-0.5343953999999999,-0.0001678002,-5.389964,0.0,2
2020-01-01 04:30:00,12.16692,2.356475,0.0003139999999999,-0.5221858999999999,-0.0001639664,-3.900189,-0.004249348,2
2020-01-01 04:35:00,12.16665,2.482165,0.0003139999999999,-0.5315045,-0.0001668924,-1.91871,0.0212468,2
2020-01-01 04:40:00,12.16674,2.693743,0.0003139999999999,-0.5066981999999999,-0.0001591032,-0.6869119,-0.0042493749999999,2
2020-01-01 04:45:00,12.1661,2.943993,0.0003139999999999,-0.5296532999999999,-0.0001663110999999,0.578731,-0.0169974999999999,2
2020-01-01 04:50:00,12.16491,3.223914,0.0003139999999999,-0.5027127,-0.0001578518,1.240408,-0.02974571,2
2020-01-01 04:55:00,12.16208,3.536106,0.0003139999999999,-0.4969416999999999,-0.0001560397,1.028619,-0.06373977,2
2020-01-01 05:00:00,12.16162,3.850517,0.0003139999999999,-0.4807715,-0.0001509623,0.5932882999999999,-0.05948946,2
2020-01-01 05:05:00,12.16162,4.052984,0.0003139999999999,-0.4581473999999999,-0.0001438583,-0.4173799999999999,-0.1827140999999999,2
2020-01-01 05:10:00,12.16162,4.15804,0.0003139999999999,-0.4541935999999999,-0.0001426168,-1.125977,-0.1104748,2
2020-01-01 05:15:00,12.16162,4.218211,0.0003139999999999,-0.4915223,-0.000154338,-1.892035,-0.1104736,2
2020-01-01 05:20:00,12.16137,4.23587,0.0003139999999999,-0.4814694999999999,-0.0001511813999999,-2.780183,-0.0084977999999999,2
2020-01-01 05:25:00,12.16152,4.23587,0.0003139999999999,-0.4775197999999999,-0.0001499411999999,-3.342482,-0.004248782,2
2020-01-01 05:30:00,12.16189,4.23587,0.0003139999999999,-0.4936723,-0.0001550130999999,-3.516596,0.0,2
2020-01-01 05:35:00,12.16186,4.237226,0.0003139999999999,-0.4674678999999999,-0.0001467848999999,-2.828861,-0.00424868,2
2020-01-01 05:40:00,12.16287,4.25624,0.0003139999999999,-0.4552630999999999,-0.0001429526,-2.633984,0.0,2
2020-01-01 05:45:00,12.16273,4.278797,0.0003139999999999,-0.4606473999999999,-0.0001446433,-2.40427,0.0,2
2020-01-01 05:50:00,12.16257,4.292691,0.0003139999999999,-0.4900818,-0.0001538857,-2.433198,0.0,2
2020-01-01 05:55:00,12.16233,4.29608,0.0003139999999999,-0.4936712999999999,-0.0001550128,-2.57385,0.0,2
2020-01-01 06:00:00,12.16229,4.299129,0.0003139999999999,-0.4846974,-0.0001521949999999,-2.605537,0.0,2
2020-01-01 06:05:00,12.16272,4.314566,0.0003139999999999,-0.4954661,-0.0001555763,-2.491739,0.0,2
2020-01-01 06:10:00,12.16193,4.337311,0.0003139999999999,-0.4825436,-0.0001515187,-2.271688,0.0,2
2020-01-01 06:15:00,12.16201,4.362388,0.0003139999999999,-0.4620831,-0.0001450941,-2.162682,0.0,2
2020-01-01 06:20:00,12.16231,4.375152,0.0003139999999999,-0.4599292999999999,-0.0001444178,-1.605052,0.0,2
2020-01-01 06:25:00,12.16175,4.408477,0.0003139999999999,-0.4462889999999999,-0.0001401347,-0.9583883,0.0,2
2020-01-01 06:30:00,12.16114,4.4691,0.0003139999999999,-0.4588525,-0.0001440797,-0.4967483999999999,-0.05098047,2
2020-01-01 06:35:00,12.16055,4.550848,0.0003139999999999,-0.4441352,-0.0001394585,-0.1786065,-0.0977103299999999,2
2020-01-01 06:40:00,12.16023,4.646377,0.0003139999999999,-0.4520323,-0.0001419380999999,-0.2130796,-0.1869218,2
2020-01-01 06:45:00,12.16006,4.728048,0.0003139999999999,-0.4559808,-0.0001431779999999,-0.279851,-0.2081614,2
2020-01-01 06:50:00,12.15983,4.798235,0.0003139999999999,-0.4523911999999999,-0.0001420508,-0.4098966,-0.1741734,2
2020-01-01 06:55:00,12.1598,4.85803,0.0003139999999999,-0.4631599,-0.0001454322,-0.6676632,0.0254882399999999,2
2020-01-01 07:00:00,12.15951,4.901106,0.0003139999999999,-0.4549039999999999,-0.0001428397999999,-1.041709,0.2421384,2
2020-01-01 07:05:00,12.15959,4.931343,0.0003139999999999,-0.4663905999999999,-0.0001464465999999,-1.390349,0.2548831999999999,2
2020-01-01 07:10:00,12.16024,4.945274,0.0003139999999999,-0.4344433999999999,-0.0001364151999999,-1.575243,0.4672852,2
2020-01-01 07:15:00,12.16022,4.934732,0.0003139999999999,-0.4610061999999999,-0.0001447559,-1.7355,1.01103,2
2020-01-01 07:20:00,12.16017,4.922345,0.0003139999999999,-0.4692622,-0.0001473482999999,-1.932122,1.703452,2
2020-01-01 07:25:00,12.16034,4.901971,0.0003139999999999,-0.4778772,-0.0001500534,-1.999524,2.531798,2
2020-01-01 07:30:00,12.16018,4.881639,0.0003139999999999,-0.471416,-0.0001480246,-2.061012,4.286191,2
2020-01-01 07:35:00,12.16036,4.864846,0.0003139999999999,-0.4484427,-0.0001408109999999,-2.056034,6.792477,2
2020-01-01 07:40:00,12.16012,4.843608,0.0003139999999999,-0.4581346,-0.0001438542,-1.77151,8.946158,2
2020-01-01 07:45:00,12.15954,4.83683,0.0356814,105.4184,5.069596,-1.488604,11.0658,2
2020-01-01 07:50:00,12.15961,4.83683,0.0557327199999999,201.0956,11.18782,-1.358209,14.44308,2
2020-01-01 07:55:00,12.15971,4.83683,0.05438143,210.5024,11.44742,-0.6515826,17.62907,2
2020-01-01 08:00:00,12.15986,4.872527,0.2433954999999999,169.6639,40.50146,0.9774685,25.22066,2
2020-01-01 08:05:00,12.15982,5.011433,0.3531089,162.1064,57.23892,2.647135,33.33013,2
2020-01-01 08:10:00,12.16022,5.260779,0.4096648,167.6982,68.81872,3.787505,37.99098,2
2020-01-01 08:15:00,12.15993,5.544466,0.5405546,177.856,96.19437,4.661939,47.68949,2
2020-01-01 08:20:00,12.15975,5.825366,0.5957559,184.3025,109.8074,5.141657,51.9637,2
2020-01-01 08:25:00,12.15946,6.096927,0.5234560999999999,182.9079,95.67808,5.54733,47.16391,2
2020-01-01 08:30:00,12.1594,6.356629,0.4256756999999999,190.0681,80.90192,5.655806,43.20131,2
2020-01-01 08:35:00,12.15836,6.635608,0.5664635999999998,186.0567,105.8537,5.634827,72.60331999999998,2
2020-01-01 08:40:00,12.15651,6.896553,0.5790492999999999,190.1208,110.2407,5.652265,64.20772,2
2020-01-01 08:45:00,12.15677,7.136033,0.4672891,189.2511,88.59337999999998,5.073403,48.41096,2
2020-01-01 08:50:00,12.15557,7.329237,1.284052,204.5136,260.3473,5.286339,299.9973,2
2020-01-01 08:55:00,12.15648,7.491976,1.949883,199.9204,390.2898,8.582705,303.001,2
2020-01-01 09:00:00,12.15657,7.643875999999999,2.352173,188.9373,442.6939,12.6941,312.6671,2
2020-01-01 09:05:00,12.15575,7.796938,3.23583,178.9504,577.9473,15.748,348.2436,2
2020-01-01 09:10:00,12.15543,7.959906,4.494174,167.3443,751.4257,19.53655,125.7433,2
2020-01-01 09:15:00,12.15463,8.149946,2.455858,160.0467,393.6041,19.87482,107.11,2
2020-01-01 09:20:00,12.15392,8.388787,1.881911,149.928,282.2988,17.86316,94.36308,2
2020-01-01 09:25:00,12.15372,8.615313999999998,0.9808456,157.7774,154.4751,14.33789,77.56282,2
2020-01-01 09:30:00,12.15372,8.784421,0.5940716999999999,167.2919,99.45415,11.10313,51.82969,2
2020-01-01 09:35:00,12.15362,8.850766,0.6321364,176.5986,112.4733,8.729819,60.69423,2
2020-01-01 09:40:00,12.15296,8.905889999999998,1.647078,177.0307,287.69,11.12013,422.9491,2
2020-01-01 09:45:00,12.15285,9.162052,4.014592,152.1737,610.1183,18.61269,534.2526,2
2020-01-01 09:50:00,12.15289,9.731762,4.426452,151.683,670.527,23.18663,499.6015,2
2020-01-01 09:55:00,12.15253,10.38216,5.05702,152.5502,770.4982,26.13518,558.4641,2
2020-01-01 10:00:00,12.1523,11.02029,6.891731,150.1711,1035.05,29.76267,665.3831,2
2020-01-01 10:05:00,12.15216,11.72152,9.351583,154.9867,1451.863,32.94897,694.4451,2
2020-01-01 10:10:00,12.15089,12.53071,10.29497,164.6839,1695.569,35.37376,731.9239,2
2020-01-01 10:15:00,12.14939,13.27999,8.719198,173.2373,1508.52,35.94433,612.1846,2
2020-01-01 10:20:00,12.14707,13.85516,5.664082,177.9559,1009.631,33.1404,402.4115,2
2020-01-01 10:25:00,12.14669,14.2047,6.887353,186.7344,1282.19,31.63479,494.0126,2
2020-01-01 10:30:00,12.1465,14.48217,5.202611,179.0407,932.6332000000002,29.50746,370.1536,2
2020-01-01 10:35:00,12.14658,14.6764,2.935826,190.632,558.3904,25.71079,219.3806,2
2020-01-01 10:40:00,12.14678,14.74666,2.302577,191.4973,440.9336,21.71629,175.1547,2
2020-01-01 10:45:00,12.14642,14.74026,2.14515,194.2148,416.582,19.59603,164.4988,2
2020-01-01 10:50:00,12.14645,14.72034,2.090639,194.477,406.5553,18.49661,159.7788,2
2020-01-01 10:55:00,12.14608,14.68313,1.894744,194.1676,367.8808,17.51902,145.7047,2
2020-01-01 11:00:00,12.14568,14.64164,1.570293,193.5455,303.9298,15.83004,124.3563,2
2020-01-01 11:05:00,12.14628,14.5759,1.410432,194.7221,274.6256,13.71758,114.1694,2
2020-01-01 11:10:00,12.14637,14.47065,1.409754,197.5809,278.4956,12.76797,116.3046,2
2020-01-01 11:15:00,12.14725,14.34545,1.678131,199.3066,334.478,12.33786,135.4178,2
2020-01-01 11:20:00,12.14891,14.21415,2.096235,202.3369,424.1322,12.53591,165.8539,2
2020-01-01 11:25:00,12.14935,14.0984,2.137887,200.8565,429.4927,12.7547,168.8345,2
2020-01-01 11:30:00,12.1499,13.99542,1.841814,200.2033,368.6852,12.87301,150.4078,2
2020-01-01 11:35:00,12.15115,13.8982,1.656291,197.8203,327.6545,12.58238,135.4429,2
2020-01-01 11:40:00,12.15036,13.81118,1.660569,198.4646,329.5492,12.46671,134.9367,2
2020-01-01 11:45:00,12.15069,13.72145,1.585369,194.8983,309.0134,12.10477,127.3806,2
2020-01-01 11:50:00,12.1511,13.61824,1.30911,195.6985,256.1929,11.37936,106.9074,2
2020-01-01 11:55:00,12.15134,13.50445,1.070901,191.8585,205.4906,10.68159,87.93474,2
2020-01-01 12:00:00,12.15157,13.38335,0.9612675,188.9135,181.6341,10.21068,78.54304999999998,2
2020-01-01 12:05:00,12.15166,13.27016,0.9146881,183.7448,168.0613,9.867624,73.42031,2
2020-01-01 12:10:00,12.15189,13.16996,0.8237332,184.1777,151.7071,9.643205,67.07778,2
2020-01-01 12:15:00,12.15192,13.0884,0.7253448,191.2078,138.6867,9.466887,62.32389,2
2020-01-01 12:20:00,12.15194,13.01396,0.8595365,191.7129,164.7323,9.498887000000002,71.99661,2
2020-01-01 12:25:00,12.15195,12.95278,1.150459,197.1309,226.801,9.659543,93.22205,2
2020-01-01 12:30:00,12.15195,12.89027,1.342963,199.0841,267.3177,10.11866,107.4284,2
2020-01-01 12:35:00,12.15196,12.8391,1.353558,199.2172,269.5573,10.51228,108.49,2
2020-01-01 12:40:00,12.15196,12.813,1.249299,197.3741,246.5867,10.62637,102.3082,2
2020-01-01 12:45:00,12.15196,12.79354,1.33284,198.809,265.0684,10.65037,110.0311,2
2020-01-01 12:50:00,12.15196,12.77923,1.71742,203.0866,348.9987,11.05034,139.7782,2
2020-01-01 12:55:00,12.15196,12.75513,2.216155,201.5714,446.5652,12.03692,174.5694,2
2020-01-01 13:00:00,12.15196,12.7442,2.553241,204.6528,522.5322,13.27887,201.4259,2
2020-01-01 13:05:00,12.15196,12.7442,2.474641,201.1352,497.7434,13.87621,193.1014,2
2020-01-01 13:10:00,12.15187,12.7235,2.580712,202.1482,521.8618,14.21761,204.4693,2
2020-01-01 13:15:00,12.15196,12.72888,3.690526,197.8985,729.9258,15.57988,295.9118,2
2020-01-01 13:20:00,12.15196,12.7442,5.026353,197.0315,990.9366,18.17842,419.8086,2
2020-01-01 13:25:00,12.15196,12.76153,4.885135,179.009,873.6,20.26077,370.0138,2
2020-01-01 13:30:00,12.15187,12.81974,4.899869,195.0909,946.3552,20.91506,420.2148,2
2020-01-01 13:35:00,12.15114,12.90096,5.020081,190.5829,961.5862,23.63553,447.3544,2
2020-01-01 13:40:00,12.15086,13.00673,7.80903,183.8061,1433.58,29.56812,816.9539,2
2020-01-01 13:45:00,12.1495,13.13713,6.669638,169.4719,1131.619,33.06435,741.457,2
2020-01-01 13:50:00,12.14876,13.27453,6.480793,153.7,996.0563,34.57164,696.5649,2
2020-01-01 13:55:00,12.14749,13.40425,6.068918,153.4711,931.3295,35.09176,700.6904,2
2020-01-01 14:00:00,12.14721,13.49247,5.740002,151.3859,868.7984,35.65015,703.2363,2
2020-01-01 14:05:00,12.14694,13.57023,4.732597,150.8718,714.1776,35.67773,676.6808,2
2020-01-01 14:10:00,12.14676,13.64222,4.006666,149.9582,600.8023,31.66762,651.6985,2
2020-01-01 14:15:00,12.14685,13.70002,4.385859,149.9783,657.7701,28.8462,679.3188,2
2020-01-01 14:20:00,12.14657,13.75198,4.644224,150.6161,698.9899,27.37281,690.4855,2
2020-01-01 14:25:00,12.14676,13.79965,3.404211,152.2382,518.3153,25.64602,393.9235,2
2020-01-01 14:30:00,12.14657,13.85742,4.258491,164.4811,701.337,24.75401,590.8033,2
2020-01-01 14:35:00,12.14666,13.9133,3.746019,157.5568,591.2305,28.60958,652.2806,2
2020-01-01 14:40:00,12.1473,13.97136,2.635514,150.2143,395.9118,30.62383,505.2585,2
2020-01-01 14:45:00,12.1473,14.01296,1.751997,149.9406,262.707,26.20345,385.5302,2
2020-01-01 14:50:00,12.14758,14.03835,1.598212,150.0802,239.8231,24.89659,115.3453,2
2020-01-01 14:55:00,12.14758,14.01997,1.435649,149.8886,215.175,23.87358,52.70955,2
2020-01-01 15:00:00,12.14749,13.95268,1.436772,149.786,215.1977,23.33242,39.05952,2
2020-01-01 15:05:00,12.14922,13.85753,1.42463,149.7702,213.3529,22.52207,35.0348,2
2020-01-01 15:10:00,12.15013,13.7321,1.455268,151.1506,219.8428,21.07163,40.74538,2
2020-01-01 15:15:00,12.15013,13.58909,1.548241,149.6562,231.6912,20.79657,44.89763,2
2020-01-01 15:20:00,12.15123,13.45776,1.381619,150.5042,207.8868,19.56692,31.99512,2
2020-01-01 15:25:00,12.1516,13.34212,1.289116,149.8567,193.1661,17.4583,28.56474,2
2020-01-01 15:30:00,12.15187,13.24102,1.184434,150.0267,177.6718,15.65446,34.61533,2
2020-01-01 15:35:00,12.15196,13.15532,0.9885252,152.6991,150.9314,13.13614,53.6783,2
2020-01-01 15:40:00,12.15196,13.0811,0.7748641,150.8995,116.8451,11.28937,42.25359,2
2020-01-01 15:45:00,12.15187,12.99201,0.4970179,150.7868,74.89969999999998,9.75236,122.6975,2
2020-01-01 15:50:00,12.15196,12.90687,0.388496,152.6116,59.23554,8.423519,217.7795,2
2020-01-01 15:55:00,12.15196,12.82234,0.311939,162.237,50.55099,7.554039999999999,194.0361,2
2020-01-01 16:00:00,12.15196,12.72644,0.2601542,165.9217,43.14063,7.035334,117.792,2
2020-01-01 16:05:00,12.15196,12.62533,0.2286297999999999,168.4607,38.49922,6.693285,22.57072,2
2020-01-01 16:10:00,12.15187,12.51452,0.2025122,163.8569,33.19264,6.405098,18.98746,2
2020-01-01 16:15:00,12.15196,12.4057,0.1685111,163.2062,27.50151,6.172476,18.58824,2
2020-01-01 16:20:00,12.15196,12.30117,0.1394662999999999,163.241,22.76626,5.622731,15.28508,2
2020-01-01 16:25:00,12.15196,12.16655,0.0793463799999999,184.1042,14.36915,5.159963,12.5806,2
2020-01-01 16:30:00,12.15196,12.02637,0.0710175499999999,174.302,12.3328,4.719126,11.2815,2
2020-01-01 16:35:00,12.15196,11.89616,0.0712420599999999,131.4053,9.296663,4.330231,9.379317,2
2020-01-01 16:40:00,12.15196,11.75646,0.04332111,122.146,5.238504,4.082443,7.629936,2
2020-01-01 16:45:00,12.15196,11.61639,0.01022142,130.8362,1.231894,3.869194,5.931575,2
2020-01-01 16:50:00,12.15196,11.47583,0.0003139999999999,80.42001,0.02525188,3.613245,4.441258,2
2020-01-01 16:55:00,12.15196,11.33733,0.0003139999999999,5.74389,0.001803581,3.352816,2.980751,2
2020-01-01 17:00:00,12.15196,11.19869,0.0003139999999999,0.3525500999999999,0.0001107007,3.084648,1.76217,2
2020-01-01 17:05:00,12.15196,11.06709,0.0003139999999999,-0.0036946639999999,-1.160124e-06,2.905599,0.9002086999999999,2
2020-01-01 17:10:00,12.15205,10.93839,0.0003139999999999,-0.1457831,-4.577591e-05,2.703786,0.2760109,2
2020-01-01 17:15:00,12.15242,10.81556,0.0003139999999999,-0.1705454999999999,-5.35513e-05,2.407296,0.004246345,2
2020-01-01 17:20:00,12.1526,10.69883,0.0003139999999999,-0.2161193999999999,-6.78615e-05,2.274442,0.0,2
2020-01-01 17:25:00,12.15269,10.58549,0.0003139999999999,-0.2362161,-7.417188e-05,2.318196,-0.0339711499999999,2
2020-01-01 17:30:00,12.15251,10.48082,0.0003139999999999,-0.2692333,-8.453927e-05,2.052011,-0.05944962,2
2020-01-01 17:35:00,12.15333,10.38179,0.0003139999999999,-0.2595489,-8.149836999999998e-05,1.795497,-0.0594499,2
2020-01-01 17:40:00,12.15351,10.28501,0.0003139999999999,-0.2810793999999999,-8.825892e-05,1.579976,-0.07218929,2
2020-01-01 17:45:00,12.1536,10.1905,0.0003139999999999,-0.2810868999999999,-8.826128999999998e-05,1.303968,-0.0806822299999999,2
2020-01-01 17:50:00,12.15397,10.09222,0.0003139999999999,-0.2854051,-8.961720999999998e-05,1.375084,-0.0509572599999999,2
2020-01-01 17:55:00,12.15424,9.996961,0.0003139999999999,-0.2728442999999999,-8.567311e-05,1.265487,-0.05945007,2
2020-01-01 18:00:00,12.15488,9.899813,0.0003139999999999,-0.2940206,-9.232248e-05,1.017352,-0.008492875,2
2020-01-01 18:05:00,12.15516,9.799878,0.0003139999999999,-0.3101797,-9.739642e-05,0.946765,-0.01698562,2
2020-01-01 18:10:00,12.15598,9.685559,0.0003139999999999,-0.3044528,-9.559819e-05,0.5293872,-0.01273928,2
2020-01-01 18:15:00,12.1558,9.582763000000002,0.0003139999999999,-0.3163136999999999,-9.932251e-05,0.1208121,-0.0042464599999999,2
2020-01-01 18:20:00,12.15616,9.476767,0.0003139999999999,-0.3238596,-0.0001016918999999,-0.3324996,-0.0169860499999999,2
2020-01-01 18:25:00,12.15634,9.366252,0.0003139999999999,-0.3454018999999999,-0.0001084561999999,-0.7468116999999999,-0.0297256899999999,2
2020-01-01 18:30:00,12.15689,9.244592,0.0003139999999999,-0.3166942999999999,-9.944203e-05,-1.273653,-0.0552049999999999,2
2020-01-01 18:35:00,12.15707,9.11427,0.0003139999999999,-0.3324926999999999,-0.0001044027,-1.53353,-0.0297262099999999,2
2020-01-01 18:40:00,12.15744,8.985455,0.0003139999999999,-0.3307007,-0.00010384,-1.844175,-0.0212335599999999,2
2020-01-01 18:45:00,12.15735,8.854419,0.0003139999999999,-0.3396761999999999,-0.0001066583,-2.149714,-0.0042468189999999,2
2020-01-01 18:50:00,12.15735,8.711183,0.0003139999999999,-0.3386003,-0.0001063205,-2.533647,-0.01274073,2
2020-01-01 18:55:00,12.15744,8.555896,0.0003139999999999,-0.3543949,-0.00011128,-2.69993,-0.03397592,2
2020-01-01 19:00:00,12.15744,8.395791,0.0003139999999999,-0.3640871,-0.0001143234,-3.065277,-0.1104231,2
2020-01-01 19:05:00,12.15744,8.232372,0.0003139999999999,-0.3382425,-0.0001062081,-3.307054,-0.1061771,2
2020-01-01 19:10:00,12.15744,8.071099,0.0003139999999999,-0.3791636999999999,-0.0001190574,-3.523589,-0.08494218,2
2020-01-01 19:15:00,12.15744,7.895968,0.0003139999999999,-0.3737793999999999,-0.0001173667,-3.612155,-0.1146725,2
2020-01-01 19:20:00,12.15744,7.732286,0.0003139999999999,-0.3569085,-0.0001120692999999,-3.854492,-0.2081106,2
2020-01-01 19:25:00,12.15744,7.562579999999999,0.0003139999999999,-0.3802405999999999,-0.0001193956,-4.057353,-0.1953707,2
2020-01-01 19:30:00,12.15744,7.391139,0.0003139999999999,-0.3996242999999999,-0.0001254821,-4.328308,-0.2166104,2
2020-01-01 19:35:00,12.15751,7.199668,0.0003139999999999,-0.3719847,-0.0001168032,-4.622537,-0.1911326,2
2020-01-01 19:40:00,12.15813,7.035233,0.0003139999999999,-0.3910094,-0.0001227769999999,-4.875696,-0.1571577,2
2020-01-01 19:45:00,12.15857,6.851631,0.0003139999999999,-0.3920862,-0.0001231151,-5.000976,-0.0042475849999999,2
2020-01-01 19:50:00,12.15869,6.688362,0.0003139999999999,-0.4258281999999999,-0.0001337101,-4.760402,0.0,2
2020-01-01 19:55:00,12.15931,6.535072,0.0003139999999999,-0.4082393,-0.0001281872,-4.345082,0.0,2
2020-01-01 20:00:00,12.15929,6.423956,0.0003139999999999,-0.3985475,-0.0001251439,-4.006747,0.0,2
2020-01-01 20:05:00,12.1591,6.356252,0.0003139999999999,-0.4129057999999999,-0.0001296524,-4.039154,0.0,2
2020-01-01 20:10:00,12.15955,6.310204,0.0003139999999999,-0.4294178,-0.0001348372,-4.057293,-0.02973512,2
2020-01-01 20:15:00,12.15953,6.271079,0.0003139999999999,-0.4129057999999999,-0.0001296524,-4.039216,-0.0254872899999999,2
2020-01-01 20:20:00,12.15953,6.229471,0.0003139999999999,-0.4208027999999999,-0.0001321321,-4.148629,-0.0042478919999999,2
2020-01-01 20:25:00,12.1595,6.181913,0.0003139999999999,-0.4197259999999999,-0.0001317939,-4.235823,0.0,2
2020-01-01 20:30:00,12.15953,6.124152,0.0003139999999999,-0.4136236999999999,-0.0001298778,-4.322104,0.0,2
2020-01-01 20:35:00,12.15973,6.061645,0.0003139999999999,-0.4129057999999999,-0.0001296524,-4.371608,0.0,2
2020-01-01 20:40:00,12.15974,5.996054,0.0003139999999999,-0.4265460999999999,-0.0001339354999999,-4.494853,0.0,2
2020-01-01 20:45:00,12.15984,5.919388,0.0003139999999999,-0.3956758,-0.0001242422,-4.707865,-0.0084958069999999,2
2020-01-01 20:50:00,12.15985,5.839298,0.0003139999999999,-0.4222387,-0.0001325828999999,-4.725464,0.0,2
2020-01-01 20:55:00,12.15985,5.766098,0.0003139999999999,-0.4301357,-0.0001350625999999,-4.47155,0.0,2
2020-01-01 21:00:00,12.16012,5.700805,0.0003139999999999,-0.4118289,-0.0001293143,-4.346742,0.0,2
2020-01-01 21:05:00,12.15994,5.653211,0.0003139999999999,-0.4466476999999999,-0.0001402474,-4.401954,0.0,2
2020-01-01 21:10:00,12.16012,5.601097,0.0003139999999999,-0.4423403,-0.0001388948,-4.451979,0.0,2
2020-01-01 21:15:00,12.16012,5.54424,0.0003139999999999,-0.4351611,-0.0001366406,-4.367253,0.0,2
2020-01-01 21:20:00,12.16095,5.477027,0.0003139999999999,-0.4581344,-0.0001438542,-4.420002,0.0,2
2020-01-01 21:25:00,12.16067,5.393962,0.0003139999999999,-0.4365969,-0.0001370913999999,-4.463606,0.0,2
2020-01-01 21:30:00,12.16095,5.32099,0.0003139999999999,-0.4254692999999999,-0.0001335974,-3.356816,0.0,2
2020-01-01 21:35:00,12.16085,5.319483,0.0003139999999999,-0.4161364,-0.0001306667999999,-2.38384,0.0,2
2020-01-01 21:40:00,12.16028,5.380632,0.0003139999999999,-0.444135,-0.0001394583999999,-1.944844,-0.004247916,2
2020-01-01 21:45:00,12.16009,5.440391,0.0003139999999999,-0.4419813,-0.0001387821,-1.716513,0.0042479149999999,2
2020-01-01 21:50:00,12.15976,5.510201,0.0003139999999999,-0.4315715,-0.0001355135,-1.588274,-0.0127438,2
2020-01-01 21:55:00,12.15963,5.578392,0.0003139999999999,-0.4294178,-0.0001348372,-1.154242,-0.00424795,2
2020-01-01 22:00:00,12.15961,5.665336,0.0003139999999999,-0.4308536,-0.000135288,-0.8361872999999999,-0.03823159,2
2020-01-01 22:05:00,12.15951,5.780632,0.0003139999999999,-0.4416223,-0.0001386694,-1.11478,-0.0594712999999999,2
2020-01-01 22:10:00,12.1595,5.891111,0.0003139999999999,-0.4233155,-0.0001329210999999,-0.7397981,-0.05522317,2
2020-01-01 22:15:00,12.1595,5.983703,0.0003139999999999,-0.4276229999999999,-0.0001342736,-0.9188743,-0.0892065799999999,2
2020-01-01 22:20:00,12.15949,6.056523,0.0003139999999999,-0.4394685999999999,-0.0001379931,-1.451271,-0.0934539199999999,2
2020-01-01 22:25:00,12.15949,6.104497,0.0003139999999999,-0.4383917,-0.000137655,-1.559143,-0.1019497,2
2020-01-01 22:30:00,12.15949,6.14343,0.0003139999999999,-0.4304947,-0.0001351753,-1.53758,-0.0552224399999999,2
2020-01-01 22:35:00,12.15949,6.173174,0.0003139999999999,-0.4405454999999999,-0.0001383312999999,-2.146317,-0.01699142,2
2020-01-01 22:40:00,12.15949,6.179953,0.0003139999999999,-0.4186491,-0.0001314558,-2.755857,-0.01699132,2
2020-01-01 22:45:00,12.15949,6.156608,0.0003139999999999,-0.402496,-0.0001263837999999,-2.807065,-0.0169913899999999,2
2020-01-01 22:50:00,12.15949,6.108263,0.0003139999999999,-0.4200848999999999,-0.0001319066999999,-2.432626,0.004247827,2
2020-01-01 22:55:00,12.15949,6.090717,0.0003139999999999,-0.4129057999999999,-0.0001296524,-2.077519,-0.04247854,2
2020-01-01 23:00:00,12.15949,6.090717,0.0003139999999999,-0.4154185,-0.0001304413999999,-1.67826,-0.0509743699999999,2
2020-01-01 23:05:00,12.15949,6.117035,0.0003139999999999,-0.4236745,-0.0001330337999999,-0.9471312,-0.08495735,2
2020-01-01 23:10:00,12.15949,6.163122,0.0003139999999999,-0.4035729,-0.0001267219,-0.890967,-0.02973535,2
2020-01-01 23:15:00,12.15949,6.215916,0.0003139999999999,-0.411111,-0.0001290888,-0.7452716,-0.0977023699999999,2
2020-01-01 23:20:00,12.15949,6.261287,0.0003139999999999,-0.4193669999999999,-0.0001316811999999,-1.357489,-0.1019504,2
2020-01-01 23:25:00,12.15949,6.28313,0.0003139999999999,-0.4132646999999999,-0.0001297651,-1.82413,-0.05097517,2
2020-01-01 23:30:00,12.15949,6.271831,0.0003139999999999,-0.4301357,-0.0001350625999999,-1.347186,-0.1061981,2
2020-01-01 23:35:00,12.15949,6.292695,0.0003139999999999,-0.3820354999999999,-0.0001199591,-0.9086092,-0.1359329,2
2020-01-01 23:40:00,12.15949,6.307982,0.0003139999999999,-0.3935220999999999,-0.0001235659,-0.7487652,-0.1316832,2
2020-01-01 23:45:00,12.15949,6.329443,0.0003139999999999,-0.4200848999999999,-0.0001319066999999,-0.4895114999999999,-0.1444271,2
2020-01-01 23:50:00,12.15949,6.346123,0.0003139999999999,-0.4337252999999999,-0.0001361896999999,-0.3401211,-0.1741629,2
2020-01-01 23:55:00,12.15958,6.350528,0.0003139999999999,-0.3892146,-0.0001222134,-0.2853247999999999,-0.1019491,2
